2025-11-27 09:59:33,433 36926 INFO ? odoo: Odoo version 18.0 
2025-11-27 09:59:33,434 36926 INFO ? odoo: Using configuration file at /home/deepartment/projects/odoo/odoo.conf 
2025-11-27 09:59:33,434 36926 INFO ? odoo: addons paths: ['/home/deepartment/projects/odoo/odoo/addons', '/home/deepartment/.local/share/Odoo/addons/18.0', '/home/deepartment/projects/odoo/addons'] 
2025-11-27 09:59:33,434 36926 INFO ? odoo: database: deepartment@default:default 
2025-11-27 09:59:33,593 36926 INFO ? odoo.addons.base.models.ir_actions_report: You need Wkhtmltopdf to print a pdf version of the reports. 
2025-11-27 09:59:33,628 36926 INFO ? odoo.addons.base.models.ir_actions_report: You need Wkhtmltoimage to generate images from html. 
2025-11-27 09:59:33,837 36926 WARNING ? odoo.service.server: 'inotify' module not installed. Code autoreload feature is disabled 
2025-11-27 09:59:49,976 36984 INFO ? odoo: Odoo version 18.0 
2025-11-27 09:59:49,976 36984 INFO ? odoo: Using configuration file at /home/deepartment/projects/odoo/odoo.conf 
2025-11-27 09:59:49,976 36984 INFO ? odoo: addons paths: ['/home/deepartment/projects/odoo/odoo/addons', '/home/deepartment/.local/share/Odoo/addons/18.0', '/home/deepartment/projects/odoo/addons'] 
2025-11-27 09:59:49,976 36984 INFO ? odoo: database: deepartment@default:default 
2025-11-27 09:59:50,234 36984 INFO ? odoo.addons.base.models.ir_actions_report: You need Wkhtmltopdf to print a pdf version of the reports. 
2025-11-27 09:59:50,268 36984 INFO ? odoo.addons.base.models.ir_actions_report: You need Wkhtmltoimage to generate images from html. 
2025-11-27 09:59:50,519 36984 WARNING ? odoo.service.server: 'inotify' module not installed. Code autoreload feature is disabled 
2025-11-27 09:59:50,519 36984 INFO ? odoo.service.server: HTTP service (werkzeug) running on D33P4R7M3N7.localdomain:8069 
2025-11-27 09:59:54,636 36984 INFO ? odoo.modules.loading: loading 1 modules... 
2025-11-27 09:59:54,648 36984 INFO ? odoo.modules.loading: 1 modules loaded in 0.01s, 0 queries (+0 extra) 
2025-11-27 09:59:54,661 36984 WARNING ? odoo.modules.graph: module auth_passkey_portal: not installable, skipped 
2025-11-27 09:59:54,688 36984 WARNING ? odoo.modules.graph: module rpc: not installable, skipped 
2025-11-27 09:59:54,689 36984 WARNING ? odoo.modules.graph: module api_doc: not installable, skipped 
2025-11-27 09:59:54,691 36984 INFO ? odoo.modules.graph: module stock_sms: Unmet dependencies: stock 
2025-11-27 09:59:54,691 36984 INFO ? odoo.modules.graph: module web_unsplash: Unmet dependencies: web_editor 
2025-11-27 09:59:54,691 36984 INFO ? odoo.modules.graph: module stock: Unmet dependencies: digest 
2025-11-27 09:59:54,691 36984 INFO ? odoo.modules.graph: module digest: Unmet dependencies: portal 
2025-11-27 09:59:54,691 36984 INFO ? odoo.modules.graph: module auth_totp_portal: Unmet dependencies: portal 
2025-11-27 09:59:54,691 36984 INFO ? odoo.modules.graph: module portal: Unmet dependencies: web_editor 
2025-11-27 09:59:54,692 36984 INFO ? odoo.modules.loading: loading 31 modules... 
2025-11-27 09:59:55,210 36984 INFO ? odoo.modules.loading: 31 modules loaded in 0.52s, 0 queries (+0 extra) 
2025-11-27 09:59:55,310 36984 ERROR ? odoo.modules.loading: Some modules are not loaded, some dependencies or manifest may be missing: ['api_doc', 'auth_passkey_portal', 'auth_totp_portal', 'digest', 'portal', 'rpc', 'stock', 'stock_sms', 'web_unsplash'] 
2025-11-27 09:59:55,311 36984 INFO ? odoo.modules.loading: Modules loaded. 
2025-11-27 09:59:55,318 36984 INFO ? odoo.modules.registry: Registry loaded in 0.723s 
2025-11-27 09:59:55,320 36984 INFO odoo19_unipod odoo.addons.base.models.ir_http: Generating routing map for key None 
2025-11-27 09:59:55,348 36984 ERROR odoo19_unipod odoo.sql_db: bad query: b'SELECT "res_lang"."id", "res_lang"."name", "res_lang"."code", "res_lang"."iso_code", "res_lang"."url_code", "res_lang"."active", "res_lang"."direction", "res_lang"."date_format", "res_lang"."time_format", "res_lang"."short_time_format", "res_lang"."week_start", "res_lang"."grouping", "res_lang"."decimal_point", "res_lang"."thousands_sep" FROM "res_lang" WHERE ("res_lang"."active" = true) ORDER BY "res_lang"."name"  '
ERROR: column res_lang.short_time_format does not exist
LINE 1: ...es_lang"."date_format", "res_lang"."time_format", "res_lang"...
                                                             ^
 
2025-11-27 09:59:55,350 36984 ERROR odoo19_unipod odoo.http: Exception during request handling. 
Traceback (most recent call last):
  File "/home/deepartment/projects/odoo/odoo/tools/cache.py", line 103, in lookup
    r = d[key]
        ~^^^^^
  File "/home/deepartment/projects/odoo/venv/lib/python3.12/site-packages/decorator.py", line 232, in fun
    return caller(func, *(extras + args), **kw)
           ^^^^^^^^^^^^^^^^^^^^^^^^^^^^^^^^^^^^
  File "/home/deepartment/projects/odoo/odoo/tools/func.py", line 97, in locked
    return func(inst, *args, **kwargs)
           ^^^^^^^^^^^^^^^^^^^^^^^^^^^
  File "/home/deepartment/projects/odoo/odoo/tools/lru.py", line 33, in __getitem__
    a = self.d[obj]
        ~~~~~~^^^^^
KeyError: ('res.lang', <function Lang._get_active_by at 0x7deda33c4680>, 'code')

During handling of the above exception, another exception occurred:

Traceback (most recent call last):
  File "/home/deepartment/projects/odoo/odoo/http.py", line 2576, in __call__
    response = request._serve_db()
               ^^^^^^^^^^^^^^^^^^^
  File "/home/deepartment/projects/odoo/odoo/http.py", line 2103, in _serve_db
    return self._transactioning(
           ^^^^^^^^^^^^^^^^^^^^^
  File "/home/deepartment/projects/odoo/odoo/http.py", line 2166, in _transactioning
    return service_model.retrying(func, env=self.env)
           ^^^^^^^^^^^^^^^^^^^^^^^^^^^^^^^^^^^^^^^^^^
  File "/home/deepartment/projects/odoo/odoo/service/model.py", line 156, in retrying
    result = func()
             ^^^^^^
  File "/home/deepartment/projects/odoo/odoo/http.py", line 2132, in _serve_ir_http
    self.registry['ir.http']._pre_dispatch(rule, args)
  File "/home/deepartment/projects/odoo/addons/auth_signup/models/ir_http.py", line 13, in _pre_dispatch
    super()._pre_dispatch(rule, args)
  File "/home/deepartment/projects/odoo/addons/http_routing/models/ir_http.py", line 495, in _pre_dispatch
    super()._pre_dispatch(rule, args)
  File "/home/deepartment/projects/odoo/addons/web/models/ir_http.py", line 61, in _pre_dispatch
    super()._pre_dispatch(rule, args)
  File "/home/deepartment/projects/odoo/odoo/addons/base/models/ir_http.py", line 310, in _pre_dispatch
    request.update_context(lang=get_lang(env).code)
                                ^^^^^^^^^^^^^
  File "/home/deepartment/projects/odoo/odoo/tools/misc.py", line 1302, in get_lang
    langs = [code for code, _ in env['res.lang'].get_installed()]
                                 ^^^^^^^^^^^^^^^^^^^^^^^^^^^^^^^
  File "/home/deepartment/projects/odoo/odoo/addons/base/models/res_lang.py", line 287, in get_installed
    return [(code, data.name) for code, data in self._get_active_by('code').items()]
                                                ^^^^^^^^^^^^^^^^^^^^^^^^^^^
  File "/home/deepartment/projects/odoo/venv/lib/python3.12/site-packages/decorator.py", line 232, in fun
    return caller(func, *(extras + args), **kw)
           ^^^^^^^^^^^^^^^^^^^^^^^^^^^^^^^^^^^^
  File "/home/deepartment/projects/odoo/odoo/tools/cache.py", line 110, in lookup
    value = d[key] = self.method(*args, **kwargs)
                     ^^^^^^^^^^^^^^^^^^^^^^^^^^^^
  File "/home/deepartment/projects/odoo/odoo/addons/base/models/res_lang.py", line 299, in _get_active_by
    langs = self.sudo().with_context(active_test=True).search_fetch([], self.CACHED_FIELDS, order='name')
            ^^^^^^^^^^^^^^^^^^^^^^^^^^^^^^^^^^^^^^^^^^^^^^^^^^^^^^^^^^^^^^^^^^^^^^^^^^^^^^^^^^^^^^^^^^^^^
  File "/home/deepartment/projects/odoo/odoo/models.py", line 1781, in search_fetch
    return self._fetch_query(query, fields_to_fetch)
           ^^^^^^^^^^^^^^^^^^^^^^^^^^^^^^^^^^^^^^^^^
  File "/home/deepartment/projects/odoo/odoo/models.py", line 4240, in _fetch_query
    rows = self.env.execute_query(query.select(*sql_terms))
           ^^^^^^^^^^^^^^^^^^^^^^^^^^^^^^^^^^^^^^^^^^^^^^^^
  File "/home/deepartment/projects/odoo/odoo/api.py", line 993, in execute_query
    self.cr.execute(query)
  File "/home/deepartment/projects/odoo/odoo/sql_db.py", line 357, in execute
    res = self._obj.execute(query, params)
          ^^^^^^^^^^^^^^^^^^^^^^^^^^^^^^^^
psycopg2.errors.UndefinedColumn: column res_lang.short_time_format does not exist
LINE 1: ...es_lang"."date_format", "res_lang"."time_format", "res_lang"...
                                                             ^

2025-11-27 09:59:55,356 36984 INFO odoo19_unipod werkzeug: 127.0.0.1 - - [27/Nov/2025 09:59:55] "GET / HTTP/1.1" 500 - 19 0.039 0.728
2025-11-27 10:08:12,956 38362 INFO ? odoo: Odoo version 18.0 
2025-11-27 10:08:12,956 38362 INFO ? odoo: Using configuration file at /home/deepartment/projects/odoo/odoo.conf 
2025-11-27 10:08:12,956 38362 INFO ? odoo: addons paths: ['/home/deepartment/projects/odoo/odoo/addons', '/home/deepartment/.local/share/Odoo/addons/18.0', '/home/deepartment/projects/odoo/addons'] 
2025-11-27 10:08:12,956 38362 INFO ? odoo: database: odoo18_user@localhost:5432 
2025-11-27 10:08:13,137 38362 INFO ? odoo.addons.base.models.ir_actions_report: You need Wkhtmltopdf to print a pdf version of the reports. 
2025-11-27 10:08:13,170 38362 INFO ? odoo.addons.base.models.ir_actions_report: You need Wkhtmltoimage to generate images from html. 
2025-11-27 10:08:13,354 38362 WARNING ? odoo.service.server: 'inotify' module not installed. Code autoreload feature is disabled 
2025-11-27 10:08:26,475 38405 INFO ? odoo: Odoo version 18.0 
2025-11-27 10:08:26,475 38405 INFO ? odoo: Using configuration file at /home/deepartment/projects/odoo/odoo.conf 
2025-11-27 10:08:26,475 38405 INFO ? odoo: addons paths: ['/home/deepartment/projects/odoo/odoo/addons', '/home/deepartment/.local/share/Odoo/addons/18.0', '/home/deepartment/projects/odoo/addons'] 
2025-11-27 10:08:26,476 38405 INFO ? odoo: database: odoo18_user@localhost:5432 
2025-11-27 10:08:26,629 38405 INFO ? odoo.addons.base.models.ir_actions_report: You need Wkhtmltopdf to print a pdf version of the reports. 
2025-11-27 10:08:26,662 38405 INFO ? odoo.addons.base.models.ir_actions_report: You need Wkhtmltoimage to generate images from html. 
2025-11-27 10:08:26,837 38405 WARNING ? odoo.service.server: 'inotify' module not installed. Code autoreload feature is disabled 
2025-11-27 10:08:26,837 38405 INFO ? odoo.service.server: HTTP service (werkzeug) running on D33P4R7M3N7.localdomain:8069 
2025-11-27 10:08:26,868 38405 ERROR odoo18 odoo.sql_db: bad query: b'CREATE SEQUENCE "base_registry_signaling" INCREMENT BY 1 START WITH 1'
ERROR: permission denied for schema public
 
2025-11-27 10:08:26,868 38405 ERROR odoo18 odoo.modules.registry: Failed to load registry 
2025-11-27 10:08:26,869 38405 CRITICAL odoo18 odoo.service.server: Failed to initialize database `odoo18`. 
Traceback (most recent call last):
  File "/home/deepartment/projects/odoo/odoo/service/server.py", line 1366, in preload_registries
    registry = Registry.new(dbname, update_module=update_module)
               ^^^^^^^^^^^^^^^^^^^^^^^^^^^^^^^^^^^^^^^^^^^^^^^^^
  File "/home/deepartment/projects/odoo/venv/lib/python3.12/site-packages/decorator.py", line 232, in fun
    return caller(func, *(extras + args), **kw)
           ^^^^^^^^^^^^^^^^^^^^^^^^^^^^^^^^^^^^
  File "/home/deepartment/projects/odoo/odoo/tools/func.py", line 97, in locked
    return func(inst, *args, **kwargs)
           ^^^^^^^^^^^^^^^^^^^^^^^^^^^
  File "/home/deepartment/projects/odoo/odoo/modules/registry.py", line 126, in new
    registry.setup_signaling()
  File "/home/deepartment/projects/odoo/odoo/modules/registry.py", line 847, in setup_signaling
    cr.execute(SQL(
  File "/home/deepartment/projects/odoo/odoo/sql_db.py", line 357, in execute
    res = self._obj.execute(query, params)
          ^^^^^^^^^^^^^^^^^^^^^^^^^^^^^^^^
psycopg2.errors.InsufficientPrivilege: permission denied for schema public

2025-11-27 10:08:31,784 38405 WARNING ? odoo.http: Logged into database 'odoo19_unipod', but dbfilter rejects it; logging session out. 
2025-11-27 10:08:31,791 38405 ERROR ? odoo.sql_db: bad query: b'CREATE SEQUENCE "base_registry_signaling" INCREMENT BY 1 START WITH 1'
ERROR: permission denied for schema public
 
2025-11-27 10:08:31,792 38405 ERROR ? odoo.modules.registry: Failed to load registry 
2025-11-27 10:08:31,792 38405 WARNING ? odoo.http: Database or registry unusable, trying without 
Traceback (most recent call last):
  File "/home/deepartment/projects/odoo/odoo/modules/registry.py", line 106, in __new__
    return cls.registries[db_name]
           ~~~~~~~~~~~~~~^^^^^^^^^
  File "/home/deepartment/projects/odoo/venv/lib/python3.12/site-packages/decorator.py", line 232, in fun
    return caller(func, *(extras + args), **kw)
           ^^^^^^^^^^^^^^^^^^^^^^^^^^^^^^^^^^^^
  File "/home/deepartment/projects/odoo/odoo/tools/func.py", line 97, in locked
    return func(inst, *args, **kwargs)
           ^^^^^^^^^^^^^^^^^^^^^^^^^^^
  File "/home/deepartment/projects/odoo/odoo/tools/lru.py", line 33, in __getitem__
    a = self.d[obj]
        ~~~~~~^^^^^
KeyError: 'odoo18'

During handling of the above exception, another exception occurred:

Traceback (most recent call last):
  File "/home/deepartment/projects/odoo/odoo/http.py", line 1690, in _open_registry
    registry = Registry(self.db)
               ^^^^^^^^^^^^^^^^^
  File "/home/deepartment/projects/odoo/odoo/modules/registry.py", line 108, in __new__
    return cls.new(db_name)
           ^^^^^^^^^^^^^^^^
  File "/home/deepartment/projects/odoo/venv/lib/python3.12/site-packages/decorator.py", line 232, in fun
    return caller(func, *(extras + args), **kw)
           ^^^^^^^^^^^^^^^^^^^^^^^^^^^^^^^^^^^^
  File "/home/deepartment/projects/odoo/odoo/tools/func.py", line 97, in locked
    return func(inst, *args, **kwargs)
           ^^^^^^^^^^^^^^^^^^^^^^^^^^^
  File "/home/deepartment/projects/odoo/odoo/modules/registry.py", line 126, in new
    registry.setup_signaling()
  File "/home/deepartment/projects/odoo/odoo/modules/registry.py", line 847, in setup_signaling
    cr.execute(SQL(
  File "/home/deepartment/projects/odoo/odoo/sql_db.py", line 357, in execute
    res = self._obj.execute(query, params)
          ^^^^^^^^^^^^^^^^^^^^^^^^^^^^^^^^
psycopg2.errors.InsufficientPrivilege: permission denied for schema public

2025-11-27 10:08:31,824 38405 INFO ? werkzeug: 127.0.0.1 - - [27/Nov/2025 10:08:31] "GET / HTTP/1.1" 303 - 3 0.003 0.038
2025-11-27 10:08:31,882 38405 ERROR ? odoo.sql_db: bad query: b'CREATE SEQUENCE "base_registry_signaling" INCREMENT BY 1 START WITH 1'
ERROR: permission denied for schema public
 
2025-11-27 10:08:31,883 38405 ERROR ? odoo.modules.registry: Failed to load registry 
2025-11-27 10:08:31,883 38405 WARNING ? odoo.http: Database or registry unusable, trying without 
Traceback (most recent call last):
  File "/home/deepartment/projects/odoo/odoo/modules/registry.py", line 106, in __new__
    return cls.registries[db_name]
           ~~~~~~~~~~~~~~^^^^^^^^^
  File "/home/deepartment/projects/odoo/venv/lib/python3.12/site-packages/decorator.py", line 232, in fun
    return caller(func, *(extras + args), **kw)
           ^^^^^^^^^^^^^^^^^^^^^^^^^^^^^^^^^^^^
  File "/home/deepartment/projects/odoo/odoo/tools/func.py", line 97, in locked
    return func(inst, *args, **kwargs)
           ^^^^^^^^^^^^^^^^^^^^^^^^^^^
  File "/home/deepartment/projects/odoo/odoo/tools/lru.py", line 33, in __getitem__
    a = self.d[obj]
        ~~~~~~^^^^^
KeyError: 'odoo18'

During handling of the above exception, another exception occurred:

Traceback (most recent call last):
  File "/home/deepartment/projects/odoo/odoo/http.py", line 1690, in _open_registry
    registry = Registry(self.db)
               ^^^^^^^^^^^^^^^^^
  File "/home/deepartment/projects/odoo/odoo/modules/registry.py", line 108, in __new__
    return cls.new(db_name)
           ^^^^^^^^^^^^^^^^
  File "/home/deepartment/projects/odoo/venv/lib/python3.12/site-packages/decorator.py", line 232, in fun
    return caller(func, *(extras + args), **kw)
           ^^^^^^^^^^^^^^^^^^^^^^^^^^^^^^^^^^^^
  File "/home/deepartment/projects/odoo/odoo/tools/func.py", line 97, in locked
    return func(inst, *args, **kwargs)
           ^^^^^^^^^^^^^^^^^^^^^^^^^^^
  File "/home/deepartment/projects/odoo/odoo/modules/registry.py", line 126, in new
    registry.setup_signaling()
  File "/home/deepartment/projects/odoo/odoo/modules/registry.py", line 847, in setup_signaling
    cr.execute(SQL(
  File "/home/deepartment/projects/odoo/odoo/sql_db.py", line 357, in execute
    res = self._obj.execute(query, params)
          ^^^^^^^^^^^^^^^^^^^^^^^^^^^^^^^^
psycopg2.errors.InsufficientPrivilege: permission denied for schema public

2025-11-27 10:08:31,885 38405 INFO ? werkzeug: 127.0.0.1 - - [27/Nov/2025 10:08:31] "GET /odoo HTTP/1.1" 302 - 3 0.002 0.006
2025-11-27 10:08:31,910 38405 ERROR ? odoo.sql_db: bad query: b'CREATE SEQUENCE "base_registry_signaling" INCREMENT BY 1 START WITH 1'
ERROR: permission denied for schema public
 
2025-11-27 10:08:31,910 38405 ERROR ? odoo.modules.registry: Failed to load registry 
2025-11-27 10:08:31,911 38405 WARNING ? odoo.http: Database or registry unusable, trying without 
Traceback (most recent call last):
  File "/home/deepartment/projects/odoo/odoo/modules/registry.py", line 106, in __new__
    return cls.registries[db_name]
           ~~~~~~~~~~~~~~^^^^^^^^^
  File "/home/deepartment/projects/odoo/venv/lib/python3.12/site-packages/decorator.py", line 232, in fun
    return caller(func, *(extras + args), **kw)
           ^^^^^^^^^^^^^^^^^^^^^^^^^^^^^^^^^^^^
  File "/home/deepartment/projects/odoo/odoo/tools/func.py", line 97, in locked
    return func(inst, *args, **kwargs)
           ^^^^^^^^^^^^^^^^^^^^^^^^^^^
  File "/home/deepartment/projects/odoo/odoo/tools/lru.py", line 33, in __getitem__
    a = self.d[obj]
        ~~~~~~^^^^^
KeyError: 'odoo18'

During handling of the above exception, another exception occurred:

Traceback (most recent call last):
  File "/home/deepartment/projects/odoo/odoo/http.py", line 1690, in _open_registry
    registry = Registry(self.db)
               ^^^^^^^^^^^^^^^^^
  File "/home/deepartment/projects/odoo/odoo/modules/registry.py", line 108, in __new__
    return cls.new(db_name)
           ^^^^^^^^^^^^^^^^
  File "/home/deepartment/projects/odoo/venv/lib/python3.12/site-packages/decorator.py", line 232, in fun
    return caller(func, *(extras + args), **kw)
           ^^^^^^^^^^^^^^^^^^^^^^^^^^^^^^^^^^^^
  File "/home/deepartment/projects/odoo/odoo/tools/func.py", line 97, in locked
    return func(inst, *args, **kwargs)
           ^^^^^^^^^^^^^^^^^^^^^^^^^^^
  File "/home/deepartment/projects/odoo/odoo/modules/registry.py", line 126, in new
    registry.setup_signaling()
  File "/home/deepartment/projects/odoo/odoo/modules/registry.py", line 847, in setup_signaling
    cr.execute(SQL(
  File "/home/deepartment/projects/odoo/odoo/sql_db.py", line 357, in execute
    res = self._obj.execute(query, params)
          ^^^^^^^^^^^^^^^^^^^^^^^^^^^^^^^^
psycopg2.errors.InsufficientPrivilege: permission denied for schema public

2025-11-27 10:08:31,914 38405 INFO ? werkzeug: 127.0.0.1 - - [27/Nov/2025 10:08:31] "GET /odoo HTTP/1.1" 302 - 3 0.002 0.007
2025-11-27 10:08:31,938 38405 ERROR ? odoo.sql_db: bad query: b'CREATE SEQUENCE "base_registry_signaling" INCREMENT BY 1 START WITH 1'
ERROR: permission denied for schema public
 
2025-11-27 10:08:31,939 38405 ERROR ? odoo.modules.registry: Failed to load registry 
2025-11-27 10:08:31,939 38405 WARNING ? odoo.http: Database or registry unusable, trying without 
Traceback (most recent call last):
  File "/home/deepartment/projects/odoo/odoo/modules/registry.py", line 106, in __new__
    return cls.registries[db_name]
           ~~~~~~~~~~~~~~^^^^^^^^^
  File "/home/deepartment/projects/odoo/venv/lib/python3.12/site-packages/decorator.py", line 232, in fun
    return caller(func, *(extras + args), **kw)
           ^^^^^^^^^^^^^^^^^^^^^^^^^^^^^^^^^^^^
  File "/home/deepartment/projects/odoo/odoo/tools/func.py", line 97, in locked
    return func(inst, *args, **kwargs)
           ^^^^^^^^^^^^^^^^^^^^^^^^^^^
  File "/home/deepartment/projects/odoo/odoo/tools/lru.py", line 33, in __getitem__
    a = self.d[obj]
        ~~~~~~^^^^^
KeyError: 'odoo18'

During handling of the above exception, another exception occurred:

Traceback (most recent call last):
  File "/home/deepartment/projects/odoo/odoo/http.py", line 1690, in _open_registry
    registry = Registry(self.db)
               ^^^^^^^^^^^^^^^^^
  File "/home/deepartment/projects/odoo/odoo/modules/registry.py", line 108, in __new__
    return cls.new(db_name)
           ^^^^^^^^^^^^^^^^
  File "/home/deepartment/projects/odoo/venv/lib/python3.12/site-packages/decorator.py", line 232, in fun
    return caller(func, *(extras + args), **kw)
           ^^^^^^^^^^^^^^^^^^^^^^^^^^^^^^^^^^^^
  File "/home/deepartment/projects/odoo/odoo/tools/func.py", line 97, in locked
    return func(inst, *args, **kwargs)
           ^^^^^^^^^^^^^^^^^^^^^^^^^^^
  File "/home/deepartment/projects/odoo/odoo/modules/registry.py", line 126, in new
    registry.setup_signaling()
  File "/home/deepartment/projects/odoo/odoo/modules/registry.py", line 847, in setup_signaling
    cr.execute(SQL(
  File "/home/deepartment/projects/odoo/odoo/sql_db.py", line 357, in execute
    res = self._obj.execute(query, params)
          ^^^^^^^^^^^^^^^^^^^^^^^^^^^^^^^^
psycopg2.errors.InsufficientPrivilege: permission denied for schema public

2025-11-27 10:08:31,944 38405 INFO ? werkzeug: 127.0.0.1 - - [27/Nov/2025 10:08:31] "GET /odoo HTTP/1.1" 302 - 3 0.001 0.007
2025-11-27 10:08:31,965 38405 ERROR ? odoo.sql_db: bad query: b'CREATE SEQUENCE "base_registry_signaling" INCREMENT BY 1 START WITH 1'
ERROR: permission denied for schema public
 
2025-11-27 10:08:31,965 38405 ERROR ? odoo.modules.registry: Failed to load registry 
2025-11-27 10:08:31,966 38405 WARNING ? odoo.http: Database or registry unusable, trying without 
Traceback (most recent call last):
  File "/home/deepartment/projects/odoo/odoo/modules/registry.py", line 106, in __new__
    return cls.registries[db_name]
           ~~~~~~~~~~~~~~^^^^^^^^^
  File "/home/deepartment/projects/odoo/venv/lib/python3.12/site-packages/decorator.py", line 232, in fun
    return caller(func, *(extras + args), **kw)
           ^^^^^^^^^^^^^^^^^^^^^^^^^^^^^^^^^^^^
  File "/home/deepartment/projects/odoo/odoo/tools/func.py", line 97, in locked
    return func(inst, *args, **kwargs)
           ^^^^^^^^^^^^^^^^^^^^^^^^^^^
  File "/home/deepartment/projects/odoo/odoo/tools/lru.py", line 33, in __getitem__
    a = self.d[obj]
        ~~~~~~^^^^^
KeyError: 'odoo18'

During handling of the above exception, another exception occurred:

Traceback (most recent call last):
  File "/home/deepartment/projects/odoo/odoo/http.py", line 1690, in _open_registry
    registry = Registry(self.db)
               ^^^^^^^^^^^^^^^^^
  File "/home/deepartment/projects/odoo/odoo/modules/registry.py", line 108, in __new__
    return cls.new(db_name)
           ^^^^^^^^^^^^^^^^
  File "/home/deepartment/projects/odoo/venv/lib/python3.12/site-packages/decorator.py", line 232, in fun
    return caller(func, *(extras + args), **kw)
           ^^^^^^^^^^^^^^^^^^^^^^^^^^^^^^^^^^^^
  File "/home/deepartment/projects/odoo/odoo/tools/func.py", line 97, in locked
    return func(inst, *args, **kwargs)
           ^^^^^^^^^^^^^^^^^^^^^^^^^^^
  File "/home/deepartment/projects/odoo/odoo/modules/registry.py", line 126, in new
    registry.setup_signaling()
  File "/home/deepartment/projects/odoo/odoo/modules/registry.py", line 847, in setup_signaling
    cr.execute(SQL(
  File "/home/deepartment/projects/odoo/odoo/sql_db.py", line 357, in execute
    res = self._obj.execute(query, params)
          ^^^^^^^^^^^^^^^^^^^^^^^^^^^^^^^^
psycopg2.errors.InsufficientPrivilege: permission denied for schema public

2025-11-27 10:08:31,968 38405 INFO ? werkzeug: 127.0.0.1 - - [27/Nov/2025 10:08:31] "GET /odoo HTTP/1.1" 302 - 3 0.002 0.005
2025-11-27 10:08:31,986 38405 ERROR ? odoo.sql_db: bad query: b'CREATE SEQUENCE "base_registry_signaling" INCREMENT BY 1 START WITH 1'
ERROR: permission denied for schema public
 
2025-11-27 10:08:31,987 38405 ERROR ? odoo.modules.registry: Failed to load registry 
2025-11-27 10:08:31,987 38405 WARNING ? odoo.http: Database or registry unusable, trying without 
Traceback (most recent call last):
  File "/home/deepartment/projects/odoo/odoo/modules/registry.py", line 106, in __new__
    return cls.registries[db_name]
           ~~~~~~~~~~~~~~^^^^^^^^^
  File "/home/deepartment/projects/odoo/venv/lib/python3.12/site-packages/decorator.py", line 232, in fun
    return caller(func, *(extras + args), **kw)
           ^^^^^^^^^^^^^^^^^^^^^^^^^^^^^^^^^^^^
  File "/home/deepartment/projects/odoo/odoo/tools/func.py", line 97, in locked
    return func(inst, *args, **kwargs)
           ^^^^^^^^^^^^^^^^^^^^^^^^^^^
  File "/home/deepartment/projects/odoo/odoo/tools/lru.py", line 33, in __getitem__
    a = self.d[obj]
        ~~~~~~^^^^^
KeyError: 'odoo18'

During handling of the above exception, another exception occurred:

Traceback (most recent call last):
  File "/home/deepartment/projects/odoo/odoo/http.py", line 1690, in _open_registry
    registry = Registry(self.db)
               ^^^^^^^^^^^^^^^^^
  File "/home/deepartment/projects/odoo/odoo/modules/registry.py", line 108, in __new__
    return cls.new(db_name)
           ^^^^^^^^^^^^^^^^
  File "/home/deepartment/projects/odoo/venv/lib/python3.12/site-packages/decorator.py", line 232, in fun
    return caller(func, *(extras + args), **kw)
           ^^^^^^^^^^^^^^^^^^^^^^^^^^^^^^^^^^^^
  File "/home/deepartment/projects/odoo/odoo/tools/func.py", line 97, in locked
    return func(inst, *args, **kwargs)
           ^^^^^^^^^^^^^^^^^^^^^^^^^^^
  File "/home/deepartment/projects/odoo/odoo/modules/registry.py", line 126, in new
    registry.setup_signaling()
  File "/home/deepartment/projects/odoo/odoo/modules/registry.py", line 847, in setup_signaling
    cr.execute(SQL(
  File "/home/deepartment/projects/odoo/odoo/sql_db.py", line 357, in execute
    res = self._obj.execute(query, params)
          ^^^^^^^^^^^^^^^^^^^^^^^^^^^^^^^^
psycopg2.errors.InsufficientPrivilege: permission denied for schema public

2025-11-27 10:08:31,990 38405 INFO ? werkzeug: 127.0.0.1 - - [27/Nov/2025 10:08:31] "GET /odoo HTTP/1.1" 302 - 3 0.002 0.007
2025-11-27 10:08:32,024 38405 ERROR ? odoo.sql_db: bad query: b'CREATE SEQUENCE "base_registry_signaling" INCREMENT BY 1 START WITH 1'
ERROR: permission denied for schema public
 
2025-11-27 10:08:32,025 38405 ERROR ? odoo.modules.registry: Failed to load registry 
2025-11-27 10:08:32,025 38405 WARNING ? odoo.http: Database or registry unusable, trying without 
Traceback (most recent call last):
  File "/home/deepartment/projects/odoo/odoo/modules/registry.py", line 106, in __new__
    return cls.registries[db_name]
           ~~~~~~~~~~~~~~^^^^^^^^^
  File "/home/deepartment/projects/odoo/venv/lib/python3.12/site-packages/decorator.py", line 232, in fun
    return caller(func, *(extras + args), **kw)
           ^^^^^^^^^^^^^^^^^^^^^^^^^^^^^^^^^^^^
  File "/home/deepartment/projects/odoo/odoo/tools/func.py", line 97, in locked
    return func(inst, *args, **kwargs)
           ^^^^^^^^^^^^^^^^^^^^^^^^^^^
  File "/home/deepartment/projects/odoo/odoo/tools/lru.py", line 33, in __getitem__
    a = self.d[obj]
        ~~~~~~^^^^^
KeyError: 'odoo18'

During handling of the above exception, another exception occurred:

Traceback (most recent call last):
  File "/home/deepartment/projects/odoo/odoo/http.py", line 1690, in _open_registry
    registry = Registry(self.db)
               ^^^^^^^^^^^^^^^^^
  File "/home/deepartment/projects/odoo/odoo/modules/registry.py", line 108, in __new__
    return cls.new(db_name)
           ^^^^^^^^^^^^^^^^
  File "/home/deepartment/projects/odoo/venv/lib/python3.12/site-packages/decorator.py", line 232, in fun
    return caller(func, *(extras + args), **kw)
           ^^^^^^^^^^^^^^^^^^^^^^^^^^^^^^^^^^^^
  File "/home/deepartment/projects/odoo/odoo/tools/func.py", line 97, in locked
    return func(inst, *args, **kwargs)
           ^^^^^^^^^^^^^^^^^^^^^^^^^^^
  File "/home/deepartment/projects/odoo/odoo/modules/registry.py", line 126, in new
    registry.setup_signaling()
  File "/home/deepartment/projects/odoo/odoo/modules/registry.py", line 847, in setup_signaling
    cr.execute(SQL(
  File "/home/deepartment/projects/odoo/odoo/sql_db.py", line 357, in execute
    res = self._obj.execute(query, params)
          ^^^^^^^^^^^^^^^^^^^^^^^^^^^^^^^^
psycopg2.errors.InsufficientPrivilege: permission denied for schema public

2025-11-27 10:08:32,028 38405 INFO ? werkzeug: 127.0.0.1 - - [27/Nov/2025 10:08:32] "GET /odoo HTTP/1.1" 302 - 3 0.001 0.005
2025-11-27 10:08:32,042 38405 ERROR ? odoo.sql_db: bad query: b'CREATE SEQUENCE "base_registry_signaling" INCREMENT BY 1 START WITH 1'
ERROR: permission denied for schema public
 
2025-11-27 10:08:32,043 38405 ERROR ? odoo.modules.registry: Failed to load registry 
2025-11-27 10:08:32,043 38405 WARNING ? odoo.http: Database or registry unusable, trying without 
Traceback (most recent call last):
  File "/home/deepartment/projects/odoo/odoo/modules/registry.py", line 106, in __new__
    return cls.registries[db_name]
           ~~~~~~~~~~~~~~^^^^^^^^^
  File "/home/deepartment/projects/odoo/venv/lib/python3.12/site-packages/decorator.py", line 232, in fun
    return caller(func, *(extras + args), **kw)
           ^^^^^^^^^^^^^^^^^^^^^^^^^^^^^^^^^^^^
  File "/home/deepartment/projects/odoo/odoo/tools/func.py", line 97, in locked
    return func(inst, *args, **kwargs)
           ^^^^^^^^^^^^^^^^^^^^^^^^^^^
  File "/home/deepartment/projects/odoo/odoo/tools/lru.py", line 33, in __getitem__
    a = self.d[obj]
        ~~~~~~^^^^^
KeyError: 'odoo18'

During handling of the above exception, another exception occurred:

Traceback (most recent call last):
  File "/home/deepartment/projects/odoo/odoo/http.py", line 1690, in _open_registry
    registry = Registry(self.db)
               ^^^^^^^^^^^^^^^^^
  File "/home/deepartment/projects/odoo/odoo/modules/registry.py", line 108, in __new__
    return cls.new(db_name)
           ^^^^^^^^^^^^^^^^
  File "/home/deepartment/projects/odoo/venv/lib/python3.12/site-packages/decorator.py", line 232, in fun
    return caller(func, *(extras + args), **kw)
           ^^^^^^^^^^^^^^^^^^^^^^^^^^^^^^^^^^^^
  File "/home/deepartment/projects/odoo/odoo/tools/func.py", line 97, in locked
    return func(inst, *args, **kwargs)
           ^^^^^^^^^^^^^^^^^^^^^^^^^^^
  File "/home/deepartment/projects/odoo/odoo/modules/registry.py", line 126, in new
    registry.setup_signaling()
  File "/home/deepartment/projects/odoo/odoo/modules/registry.py", line 847, in setup_signaling
    cr.execute(SQL(
  File "/home/deepartment/projects/odoo/odoo/sql_db.py", line 357, in execute
    res = self._obj.execute(query, params)
          ^^^^^^^^^^^^^^^^^^^^^^^^^^^^^^^^
psycopg2.errors.InsufficientPrivilege: permission denied for schema public

2025-11-27 10:08:32,046 38405 INFO ? werkzeug: 127.0.0.1 - - [27/Nov/2025 10:08:32] "GET /odoo HTTP/1.1" 302 - 3 0.001 0.005
2025-11-27 10:08:32,064 38405 ERROR ? odoo.sql_db: bad query: b'CREATE SEQUENCE "base_registry_signaling" INCREMENT BY 1 START WITH 1'
ERROR: permission denied for schema public
 
2025-11-27 10:08:32,064 38405 ERROR ? odoo.modules.registry: Failed to load registry 
2025-11-27 10:08:32,064 38405 WARNING ? odoo.http: Database or registry unusable, trying without 
Traceback (most recent call last):
  File "/home/deepartment/projects/odoo/odoo/modules/registry.py", line 106, in __new__
    return cls.registries[db_name]
           ~~~~~~~~~~~~~~^^^^^^^^^
  File "/home/deepartment/projects/odoo/venv/lib/python3.12/site-packages/decorator.py", line 232, in fun
    return caller(func, *(extras + args), **kw)
           ^^^^^^^^^^^^^^^^^^^^^^^^^^^^^^^^^^^^
  File "/home/deepartment/projects/odoo/odoo/tools/func.py", line 97, in locked
    return func(inst, *args, **kwargs)
           ^^^^^^^^^^^^^^^^^^^^^^^^^^^
  File "/home/deepartment/projects/odoo/odoo/tools/lru.py", line 33, in __getitem__
    a = self.d[obj]
        ~~~~~~^^^^^
KeyError: 'odoo18'

During handling of the above exception, another exception occurred:

Traceback (most recent call last):
  File "/home/deepartment/projects/odoo/odoo/http.py", line 1690, in _open_registry
    registry = Registry(self.db)
               ^^^^^^^^^^^^^^^^^
  File "/home/deepartment/projects/odoo/odoo/modules/registry.py", line 108, in __new__
    return cls.new(db_name)
           ^^^^^^^^^^^^^^^^
  File "/home/deepartment/projects/odoo/venv/lib/python3.12/site-packages/decorator.py", line 232, in fun
    return caller(func, *(extras + args), **kw)
           ^^^^^^^^^^^^^^^^^^^^^^^^^^^^^^^^^^^^
  File "/home/deepartment/projects/odoo/odoo/tools/func.py", line 97, in locked
    return func(inst, *args, **kwargs)
           ^^^^^^^^^^^^^^^^^^^^^^^^^^^
  File "/home/deepartment/projects/odoo/odoo/modules/registry.py", line 126, in new
    registry.setup_signaling()
  File "/home/deepartment/projects/odoo/odoo/modules/registry.py", line 847, in setup_signaling
    cr.execute(SQL(
  File "/home/deepartment/projects/odoo/odoo/sql_db.py", line 357, in execute
    res = self._obj.execute(query, params)
          ^^^^^^^^^^^^^^^^^^^^^^^^^^^^^^^^
psycopg2.errors.InsufficientPrivilege: permission denied for schema public

2025-11-27 10:08:32,066 38405 INFO ? werkzeug: 127.0.0.1 - - [27/Nov/2025 10:08:32] "GET /odoo HTTP/1.1" 302 - 3 0.002 0.005
2025-11-27 10:08:32,084 38405 ERROR ? odoo.sql_db: bad query: b'CREATE SEQUENCE "base_registry_signaling" INCREMENT BY 1 START WITH 1'
ERROR: permission denied for schema public
 
2025-11-27 10:08:32,085 38405 ERROR ? odoo.modules.registry: Failed to load registry 
2025-11-27 10:08:32,085 38405 WARNING ? odoo.http: Database or registry unusable, trying without 
Traceback (most recent call last):
  File "/home/deepartment/projects/odoo/odoo/modules/registry.py", line 106, in __new__
    return cls.registries[db_name]
           ~~~~~~~~~~~~~~^^^^^^^^^
  File "/home/deepartment/projects/odoo/venv/lib/python3.12/site-packages/decorator.py", line 232, in fun
    return caller(func, *(extras + args), **kw)
           ^^^^^^^^^^^^^^^^^^^^^^^^^^^^^^^^^^^^
  File "/home/deepartment/projects/odoo/odoo/tools/func.py", line 97, in locked
    return func(inst, *args, **kwargs)
           ^^^^^^^^^^^^^^^^^^^^^^^^^^^
  File "/home/deepartment/projects/odoo/odoo/tools/lru.py", line 33, in __getitem__
    a = self.d[obj]
        ~~~~~~^^^^^
KeyError: 'odoo18'

During handling of the above exception, another exception occurred:

Traceback (most recent call last):
  File "/home/deepartment/projects/odoo/odoo/http.py", line 1690, in _open_registry
    registry = Registry(self.db)
               ^^^^^^^^^^^^^^^^^
  File "/home/deepartment/projects/odoo/odoo/modules/registry.py", line 108, in __new__
    return cls.new(db_name)
           ^^^^^^^^^^^^^^^^
  File "/home/deepartment/projects/odoo/venv/lib/python3.12/site-packages/decorator.py", line 232, in fun
    return caller(func, *(extras + args), **kw)
           ^^^^^^^^^^^^^^^^^^^^^^^^^^^^^^^^^^^^
  File "/home/deepartment/projects/odoo/odoo/tools/func.py", line 97, in locked
    return func(inst, *args, **kwargs)
           ^^^^^^^^^^^^^^^^^^^^^^^^^^^
  File "/home/deepartment/projects/odoo/odoo/modules/registry.py", line 126, in new
    registry.setup_signaling()
  File "/home/deepartment/projects/odoo/odoo/modules/registry.py", line 847, in setup_signaling
    cr.execute(SQL(
  File "/home/deepartment/projects/odoo/odoo/sql_db.py", line 357, in execute
    res = self._obj.execute(query, params)
          ^^^^^^^^^^^^^^^^^^^^^^^^^^^^^^^^
psycopg2.errors.InsufficientPrivilege: permission denied for schema public

2025-11-27 10:08:32,087 38405 INFO ? werkzeug: 127.0.0.1 - - [27/Nov/2025 10:08:32] "GET /odoo HTTP/1.1" 302 - 3 0.001 0.005
2025-11-27 10:08:32,106 38405 ERROR ? odoo.sql_db: bad query: b'CREATE SEQUENCE "base_registry_signaling" INCREMENT BY 1 START WITH 1'
ERROR: permission denied for schema public
 
2025-11-27 10:08:32,107 38405 ERROR ? odoo.modules.registry: Failed to load registry 
2025-11-27 10:08:32,107 38405 WARNING ? odoo.http: Database or registry unusable, trying without 
Traceback (most recent call last):
  File "/home/deepartment/projects/odoo/odoo/modules/registry.py", line 106, in __new__
    return cls.registries[db_name]
           ~~~~~~~~~~~~~~^^^^^^^^^
  File "/home/deepartment/projects/odoo/venv/lib/python3.12/site-packages/decorator.py", line 232, in fun
    return caller(func, *(extras + args), **kw)
           ^^^^^^^^^^^^^^^^^^^^^^^^^^^^^^^^^^^^
  File "/home/deepartment/projects/odoo/odoo/tools/func.py", line 97, in locked
    return func(inst, *args, **kwargs)
           ^^^^^^^^^^^^^^^^^^^^^^^^^^^
  File "/home/deepartment/projects/odoo/odoo/tools/lru.py", line 33, in __getitem__
    a = self.d[obj]
        ~~~~~~^^^^^
KeyError: 'odoo18'

During handling of the above exception, another exception occurred:

Traceback (most recent call last):
  File "/home/deepartment/projects/odoo/odoo/http.py", line 1690, in _open_registry
    registry = Registry(self.db)
               ^^^^^^^^^^^^^^^^^
  File "/home/deepartment/projects/odoo/odoo/modules/registry.py", line 108, in __new__
    return cls.new(db_name)
           ^^^^^^^^^^^^^^^^
  File "/home/deepartment/projects/odoo/venv/lib/python3.12/site-packages/decorator.py", line 232, in fun
    return caller(func, *(extras + args), **kw)
           ^^^^^^^^^^^^^^^^^^^^^^^^^^^^^^^^^^^^
  File "/home/deepartment/projects/odoo/odoo/tools/func.py", line 97, in locked
    return func(inst, *args, **kwargs)
           ^^^^^^^^^^^^^^^^^^^^^^^^^^^
  File "/home/deepartment/projects/odoo/odoo/modules/registry.py", line 126, in new
    registry.setup_signaling()
  File "/home/deepartment/projects/odoo/odoo/modules/registry.py", line 847, in setup_signaling
    cr.execute(SQL(
  File "/home/deepartment/projects/odoo/odoo/sql_db.py", line 357, in execute
    res = self._obj.execute(query, params)
          ^^^^^^^^^^^^^^^^^^^^^^^^^^^^^^^^
psycopg2.errors.InsufficientPrivilege: permission denied for schema public

2025-11-27 10:08:32,110 38405 INFO ? werkzeug: 127.0.0.1 - - [27/Nov/2025 10:08:32] "GET /odoo HTTP/1.1" 302 - 3 0.001 0.006
2025-11-27 10:08:32,126 38405 ERROR ? odoo.sql_db: bad query: b'CREATE SEQUENCE "base_registry_signaling" INCREMENT BY 1 START WITH 1'
ERROR: permission denied for schema public
 
2025-11-27 10:08:32,126 38405 ERROR ? odoo.modules.registry: Failed to load registry 
2025-11-27 10:08:32,126 38405 WARNING ? odoo.http: Database or registry unusable, trying without 
Traceback (most recent call last):
  File "/home/deepartment/projects/odoo/odoo/modules/registry.py", line 106, in __new__
    return cls.registries[db_name]
           ~~~~~~~~~~~~~~^^^^^^^^^
  File "/home/deepartment/projects/odoo/venv/lib/python3.12/site-packages/decorator.py", line 232, in fun
    return caller(func, *(extras + args), **kw)
           ^^^^^^^^^^^^^^^^^^^^^^^^^^^^^^^^^^^^
  File "/home/deepartment/projects/odoo/odoo/tools/func.py", line 97, in locked
    return func(inst, *args, **kwargs)
           ^^^^^^^^^^^^^^^^^^^^^^^^^^^
  File "/home/deepartment/projects/odoo/odoo/tools/lru.py", line 33, in __getitem__
    a = self.d[obj]
        ~~~~~~^^^^^
KeyError: 'odoo18'

During handling of the above exception, another exception occurred:

Traceback (most recent call last):
  File "/home/deepartment/projects/odoo/odoo/http.py", line 1690, in _open_registry
    registry = Registry(self.db)
               ^^^^^^^^^^^^^^^^^
  File "/home/deepartment/projects/odoo/odoo/modules/registry.py", line 108, in __new__
    return cls.new(db_name)
           ^^^^^^^^^^^^^^^^
  File "/home/deepartment/projects/odoo/venv/lib/python3.12/site-packages/decorator.py", line 232, in fun
    return caller(func, *(extras + args), **kw)
           ^^^^^^^^^^^^^^^^^^^^^^^^^^^^^^^^^^^^
  File "/home/deepartment/projects/odoo/odoo/tools/func.py", line 97, in locked
    return func(inst, *args, **kwargs)
           ^^^^^^^^^^^^^^^^^^^^^^^^^^^
  File "/home/deepartment/projects/odoo/odoo/modules/registry.py", line 126, in new
    registry.setup_signaling()
  File "/home/deepartment/projects/odoo/odoo/modules/registry.py", line 847, in setup_signaling
    cr.execute(SQL(
  File "/home/deepartment/projects/odoo/odoo/sql_db.py", line 357, in execute
    res = self._obj.execute(query, params)
          ^^^^^^^^^^^^^^^^^^^^^^^^^^^^^^^^
psycopg2.errors.InsufficientPrivilege: permission denied for schema public

2025-11-27 10:08:32,129 38405 INFO ? werkzeug: 127.0.0.1 - - [27/Nov/2025 10:08:32] "GET /odoo HTTP/1.1" 302 - 3 0.002 0.007
2025-11-27 10:08:32,145 38405 ERROR ? odoo.sql_db: bad query: b'CREATE SEQUENCE "base_registry_signaling" INCREMENT BY 1 START WITH 1'
ERROR: permission denied for schema public
 
2025-11-27 10:08:32,145 38405 ERROR ? odoo.modules.registry: Failed to load registry 
2025-11-27 10:08:32,145 38405 WARNING ? odoo.http: Database or registry unusable, trying without 
Traceback (most recent call last):
  File "/home/deepartment/projects/odoo/odoo/modules/registry.py", line 106, in __new__
    return cls.registries[db_name]
           ~~~~~~~~~~~~~~^^^^^^^^^
  File "/home/deepartment/projects/odoo/venv/lib/python3.12/site-packages/decorator.py", line 232, in fun
    return caller(func, *(extras + args), **kw)
           ^^^^^^^^^^^^^^^^^^^^^^^^^^^^^^^^^^^^
  File "/home/deepartment/projects/odoo/odoo/tools/func.py", line 97, in locked
    return func(inst, *args, **kwargs)
           ^^^^^^^^^^^^^^^^^^^^^^^^^^^
  File "/home/deepartment/projects/odoo/odoo/tools/lru.py", line 33, in __getitem__
    a = self.d[obj]
        ~~~~~~^^^^^
KeyError: 'odoo18'

During handling of the above exception, another exception occurred:

Traceback (most recent call last):
  File "/home/deepartment/projects/odoo/odoo/http.py", line 1690, in _open_registry
    registry = Registry(self.db)
               ^^^^^^^^^^^^^^^^^
  File "/home/deepartment/projects/odoo/odoo/modules/registry.py", line 108, in __new__
    return cls.new(db_name)
           ^^^^^^^^^^^^^^^^
  File "/home/deepartment/projects/odoo/venv/lib/python3.12/site-packages/decorator.py", line 232, in fun
    return caller(func, *(extras + args), **kw)
           ^^^^^^^^^^^^^^^^^^^^^^^^^^^^^^^^^^^^
  File "/home/deepartment/projects/odoo/odoo/tools/func.py", line 97, in locked
    return func(inst, *args, **kwargs)
           ^^^^^^^^^^^^^^^^^^^^^^^^^^^
  File "/home/deepartment/projects/odoo/odoo/modules/registry.py", line 126, in new
    registry.setup_signaling()
  File "/home/deepartment/projects/odoo/odoo/modules/registry.py", line 847, in setup_signaling
    cr.execute(SQL(
  File "/home/deepartment/projects/odoo/odoo/sql_db.py", line 357, in execute
    res = self._obj.execute(query, params)
          ^^^^^^^^^^^^^^^^^^^^^^^^^^^^^^^^
psycopg2.errors.InsufficientPrivilege: permission denied for schema public

2025-11-27 10:08:32,148 38405 INFO ? werkzeug: 127.0.0.1 - - [27/Nov/2025 10:08:32] "GET /odoo HTTP/1.1" 302 - 3 0.001 0.004
2025-11-27 10:08:32,167 38405 ERROR ? odoo.sql_db: bad query: b'CREATE SEQUENCE "base_registry_signaling" INCREMENT BY 1 START WITH 1'
ERROR: permission denied for schema public
 
2025-11-27 10:08:32,168 38405 ERROR ? odoo.modules.registry: Failed to load registry 
2025-11-27 10:08:32,168 38405 WARNING ? odoo.http: Database or registry unusable, trying without 
Traceback (most recent call last):
  File "/home/deepartment/projects/odoo/odoo/modules/registry.py", line 106, in __new__
    return cls.registries[db_name]
           ~~~~~~~~~~~~~~^^^^^^^^^
  File "/home/deepartment/projects/odoo/venv/lib/python3.12/site-packages/decorator.py", line 232, in fun
    return caller(func, *(extras + args), **kw)
           ^^^^^^^^^^^^^^^^^^^^^^^^^^^^^^^^^^^^
  File "/home/deepartment/projects/odoo/odoo/tools/func.py", line 97, in locked
    return func(inst, *args, **kwargs)
           ^^^^^^^^^^^^^^^^^^^^^^^^^^^
  File "/home/deepartment/projects/odoo/odoo/tools/lru.py", line 33, in __getitem__
    a = self.d[obj]
        ~~~~~~^^^^^
KeyError: 'odoo18'

During handling of the above exception, another exception occurred:

Traceback (most recent call last):
  File "/home/deepartment/projects/odoo/odoo/http.py", line 1690, in _open_registry
    registry = Registry(self.db)
               ^^^^^^^^^^^^^^^^^
  File "/home/deepartment/projects/odoo/odoo/modules/registry.py", line 108, in __new__
    return cls.new(db_name)
           ^^^^^^^^^^^^^^^^
  File "/home/deepartment/projects/odoo/venv/lib/python3.12/site-packages/decorator.py", line 232, in fun
    return caller(func, *(extras + args), **kw)
           ^^^^^^^^^^^^^^^^^^^^^^^^^^^^^^^^^^^^
  File "/home/deepartment/projects/odoo/odoo/tools/func.py", line 97, in locked
    return func(inst, *args, **kwargs)
           ^^^^^^^^^^^^^^^^^^^^^^^^^^^
  File "/home/deepartment/projects/odoo/odoo/modules/registry.py", line 126, in new
    registry.setup_signaling()
  File "/home/deepartment/projects/odoo/odoo/modules/registry.py", line 847, in setup_signaling
    cr.execute(SQL(
  File "/home/deepartment/projects/odoo/odoo/sql_db.py", line 357, in execute
    res = self._obj.execute(query, params)
          ^^^^^^^^^^^^^^^^^^^^^^^^^^^^^^^^
psycopg2.errors.InsufficientPrivilege: permission denied for schema public

2025-11-27 10:08:32,172 38405 INFO ? werkzeug: 127.0.0.1 - - [27/Nov/2025 10:08:32] "GET /odoo HTTP/1.1" 302 - 3 0.002 0.007
2025-11-27 10:08:32,187 38405 ERROR ? odoo.sql_db: bad query: b'CREATE SEQUENCE "base_registry_signaling" INCREMENT BY 1 START WITH 1'
ERROR: permission denied for schema public
 
2025-11-27 10:08:32,187 38405 ERROR ? odoo.modules.registry: Failed to load registry 
2025-11-27 10:08:32,187 38405 WARNING ? odoo.http: Database or registry unusable, trying without 
Traceback (most recent call last):
  File "/home/deepartment/projects/odoo/odoo/modules/registry.py", line 106, in __new__
    return cls.registries[db_name]
           ~~~~~~~~~~~~~~^^^^^^^^^
  File "/home/deepartment/projects/odoo/venv/lib/python3.12/site-packages/decorator.py", line 232, in fun
    return caller(func, *(extras + args), **kw)
           ^^^^^^^^^^^^^^^^^^^^^^^^^^^^^^^^^^^^
  File "/home/deepartment/projects/odoo/odoo/tools/func.py", line 97, in locked
    return func(inst, *args, **kwargs)
           ^^^^^^^^^^^^^^^^^^^^^^^^^^^
  File "/home/deepartment/projects/odoo/odoo/tools/lru.py", line 33, in __getitem__
    a = self.d[obj]
        ~~~~~~^^^^^
KeyError: 'odoo18'

During handling of the above exception, another exception occurred:

Traceback (most recent call last):
  File "/home/deepartment/projects/odoo/odoo/http.py", line 1690, in _open_registry
    registry = Registry(self.db)
               ^^^^^^^^^^^^^^^^^
  File "/home/deepartment/projects/odoo/odoo/modules/registry.py", line 108, in __new__
    return cls.new(db_name)
           ^^^^^^^^^^^^^^^^
  File "/home/deepartment/projects/odoo/venv/lib/python3.12/site-packages/decorator.py", line 232, in fun
    return caller(func, *(extras + args), **kw)
           ^^^^^^^^^^^^^^^^^^^^^^^^^^^^^^^^^^^^
  File "/home/deepartment/projects/odoo/odoo/tools/func.py", line 97, in locked
    return func(inst, *args, **kwargs)
           ^^^^^^^^^^^^^^^^^^^^^^^^^^^
  File "/home/deepartment/projects/odoo/odoo/modules/registry.py", line 126, in new
    registry.setup_signaling()
  File "/home/deepartment/projects/odoo/odoo/modules/registry.py", line 847, in setup_signaling
    cr.execute(SQL(
  File "/home/deepartment/projects/odoo/odoo/sql_db.py", line 357, in execute
    res = self._obj.execute(query, params)
          ^^^^^^^^^^^^^^^^^^^^^^^^^^^^^^^^
psycopg2.errors.InsufficientPrivilege: permission denied for schema public

2025-11-27 10:08:32,190 38405 INFO ? werkzeug: 127.0.0.1 - - [27/Nov/2025 10:08:32] "GET /odoo HTTP/1.1" 302 - 3 0.002 0.006
2025-11-27 10:08:32,206 38405 ERROR ? odoo.sql_db: bad query: b'CREATE SEQUENCE "base_registry_signaling" INCREMENT BY 1 START WITH 1'
ERROR: permission denied for schema public
 
2025-11-27 10:08:32,206 38405 ERROR ? odoo.modules.registry: Failed to load registry 
2025-11-27 10:08:32,206 38405 WARNING ? odoo.http: Database or registry unusable, trying without 
Traceback (most recent call last):
  File "/home/deepartment/projects/odoo/odoo/modules/registry.py", line 106, in __new__
    return cls.registries[db_name]
           ~~~~~~~~~~~~~~^^^^^^^^^
  File "/home/deepartment/projects/odoo/venv/lib/python3.12/site-packages/decorator.py", line 232, in fun
    return caller(func, *(extras + args), **kw)
           ^^^^^^^^^^^^^^^^^^^^^^^^^^^^^^^^^^^^
  File "/home/deepartment/projects/odoo/odoo/tools/func.py", line 97, in locked
    return func(inst, *args, **kwargs)
           ^^^^^^^^^^^^^^^^^^^^^^^^^^^
  File "/home/deepartment/projects/odoo/odoo/tools/lru.py", line 33, in __getitem__
    a = self.d[obj]
        ~~~~~~^^^^^
KeyError: 'odoo18'

During handling of the above exception, another exception occurred:

Traceback (most recent call last):
  File "/home/deepartment/projects/odoo/odoo/http.py", line 1690, in _open_registry
    registry = Registry(self.db)
               ^^^^^^^^^^^^^^^^^
  File "/home/deepartment/projects/odoo/odoo/modules/registry.py", line 108, in __new__
    return cls.new(db_name)
           ^^^^^^^^^^^^^^^^
  File "/home/deepartment/projects/odoo/venv/lib/python3.12/site-packages/decorator.py", line 232, in fun
    return caller(func, *(extras + args), **kw)
           ^^^^^^^^^^^^^^^^^^^^^^^^^^^^^^^^^^^^
  File "/home/deepartment/projects/odoo/odoo/tools/func.py", line 97, in locked
    return func(inst, *args, **kwargs)
           ^^^^^^^^^^^^^^^^^^^^^^^^^^^
  File "/home/deepartment/projects/odoo/odoo/modules/registry.py", line 126, in new
    registry.setup_signaling()
  File "/home/deepartment/projects/odoo/odoo/modules/registry.py", line 847, in setup_signaling
    cr.execute(SQL(
  File "/home/deepartment/projects/odoo/odoo/sql_db.py", line 357, in execute
    res = self._obj.execute(query, params)
          ^^^^^^^^^^^^^^^^^^^^^^^^^^^^^^^^
psycopg2.errors.InsufficientPrivilege: permission denied for schema public

2025-11-27 10:08:32,209 38405 INFO ? werkzeug: 127.0.0.1 - - [27/Nov/2025 10:08:32] "GET /odoo HTTP/1.1" 302 - 3 0.001 0.005
2025-11-27 10:08:32,227 38405 ERROR ? odoo.sql_db: bad query: b'CREATE SEQUENCE "base_registry_signaling" INCREMENT BY 1 START WITH 1'
ERROR: permission denied for schema public
 
2025-11-27 10:08:32,228 38405 ERROR ? odoo.modules.registry: Failed to load registry 
2025-11-27 10:08:32,228 38405 WARNING ? odoo.http: Database or registry unusable, trying without 
Traceback (most recent call last):
  File "/home/deepartment/projects/odoo/odoo/modules/registry.py", line 106, in __new__
    return cls.registries[db_name]
           ~~~~~~~~~~~~~~^^^^^^^^^
  File "/home/deepartment/projects/odoo/venv/lib/python3.12/site-packages/decorator.py", line 232, in fun
    return caller(func, *(extras + args), **kw)
           ^^^^^^^^^^^^^^^^^^^^^^^^^^^^^^^^^^^^
  File "/home/deepartment/projects/odoo/odoo/tools/func.py", line 97, in locked
    return func(inst, *args, **kwargs)
           ^^^^^^^^^^^^^^^^^^^^^^^^^^^
  File "/home/deepartment/projects/odoo/odoo/tools/lru.py", line 33, in __getitem__
    a = self.d[obj]
        ~~~~~~^^^^^
KeyError: 'odoo18'

During handling of the above exception, another exception occurred:

Traceback (most recent call last):
  File "/home/deepartment/projects/odoo/odoo/http.py", line 1690, in _open_registry
    registry = Registry(self.db)
               ^^^^^^^^^^^^^^^^^
  File "/home/deepartment/projects/odoo/odoo/modules/registry.py", line 108, in __new__
    return cls.new(db_name)
           ^^^^^^^^^^^^^^^^
  File "/home/deepartment/projects/odoo/venv/lib/python3.12/site-packages/decorator.py", line 232, in fun
    return caller(func, *(extras + args), **kw)
           ^^^^^^^^^^^^^^^^^^^^^^^^^^^^^^^^^^^^
  File "/home/deepartment/projects/odoo/odoo/tools/func.py", line 97, in locked
    return func(inst, *args, **kwargs)
           ^^^^^^^^^^^^^^^^^^^^^^^^^^^
  File "/home/deepartment/projects/odoo/odoo/modules/registry.py", line 126, in new
    registry.setup_signaling()
  File "/home/deepartment/projects/odoo/odoo/modules/registry.py", line 847, in setup_signaling
    cr.execute(SQL(
  File "/home/deepartment/projects/odoo/odoo/sql_db.py", line 357, in execute
    res = self._obj.execute(query, params)
          ^^^^^^^^^^^^^^^^^^^^^^^^^^^^^^^^
psycopg2.errors.InsufficientPrivilege: permission denied for schema public

2025-11-27 10:08:32,232 38405 INFO ? werkzeug: 127.0.0.1 - - [27/Nov/2025 10:08:32] "GET /odoo HTTP/1.1" 302 - 3 0.001 0.006
2025-11-27 10:08:32,267 38405 ERROR ? odoo.sql_db: bad query: b'CREATE SEQUENCE "base_registry_signaling" INCREMENT BY 1 START WITH 1'
ERROR: permission denied for schema public
 
2025-11-27 10:08:32,268 38405 ERROR ? odoo.modules.registry: Failed to load registry 
2025-11-27 10:08:32,268 38405 WARNING ? odoo.http: Database or registry unusable, trying without 
Traceback (most recent call last):
  File "/home/deepartment/projects/odoo/odoo/modules/registry.py", line 106, in __new__
    return cls.registries[db_name]
           ~~~~~~~~~~~~~~^^^^^^^^^
  File "/home/deepartment/projects/odoo/venv/lib/python3.12/site-packages/decorator.py", line 232, in fun
    return caller(func, *(extras + args), **kw)
           ^^^^^^^^^^^^^^^^^^^^^^^^^^^^^^^^^^^^
  File "/home/deepartment/projects/odoo/odoo/tools/func.py", line 97, in locked
    return func(inst, *args, **kwargs)
           ^^^^^^^^^^^^^^^^^^^^^^^^^^^
  File "/home/deepartment/projects/odoo/odoo/tools/lru.py", line 33, in __getitem__
    a = self.d[obj]
        ~~~~~~^^^^^
KeyError: 'odoo18'

During handling of the above exception, another exception occurred:

Traceback (most recent call last):
  File "/home/deepartment/projects/odoo/odoo/http.py", line 1690, in _open_registry
    registry = Registry(self.db)
               ^^^^^^^^^^^^^^^^^
  File "/home/deepartment/projects/odoo/odoo/modules/registry.py", line 108, in __new__
    return cls.new(db_name)
           ^^^^^^^^^^^^^^^^
  File "/home/deepartment/projects/odoo/venv/lib/python3.12/site-packages/decorator.py", line 232, in fun
    return caller(func, *(extras + args), **kw)
           ^^^^^^^^^^^^^^^^^^^^^^^^^^^^^^^^^^^^
  File "/home/deepartment/projects/odoo/odoo/tools/func.py", line 97, in locked
    return func(inst, *args, **kwargs)
           ^^^^^^^^^^^^^^^^^^^^^^^^^^^
  File "/home/deepartment/projects/odoo/odoo/modules/registry.py", line 126, in new
    registry.setup_signaling()
  File "/home/deepartment/projects/odoo/odoo/modules/registry.py", line 847, in setup_signaling
    cr.execute(SQL(
  File "/home/deepartment/projects/odoo/odoo/sql_db.py", line 357, in execute
    res = self._obj.execute(query, params)
          ^^^^^^^^^^^^^^^^^^^^^^^^^^^^^^^^
psycopg2.errors.InsufficientPrivilege: permission denied for schema public

2025-11-27 10:08:32,270 38405 INFO ? werkzeug: 127.0.0.1 - - [27/Nov/2025 10:08:32] "GET /odoo HTTP/1.1" 302 - 3 0.002 0.004
2025-11-27 10:08:32,289 38405 ERROR ? odoo.sql_db: bad query: b'CREATE SEQUENCE "base_registry_signaling" INCREMENT BY 1 START WITH 1'
ERROR: permission denied for schema public
 
2025-11-27 10:08:32,290 38405 ERROR ? odoo.modules.registry: Failed to load registry 
2025-11-27 10:08:32,290 38405 WARNING ? odoo.http: Database or registry unusable, trying without 
Traceback (most recent call last):
  File "/home/deepartment/projects/odoo/odoo/modules/registry.py", line 106, in __new__
    return cls.registries[db_name]
           ~~~~~~~~~~~~~~^^^^^^^^^
  File "/home/deepartment/projects/odoo/venv/lib/python3.12/site-packages/decorator.py", line 232, in fun
    return caller(func, *(extras + args), **kw)
           ^^^^^^^^^^^^^^^^^^^^^^^^^^^^^^^^^^^^
  File "/home/deepartment/projects/odoo/odoo/tools/func.py", line 97, in locked
    return func(inst, *args, **kwargs)
           ^^^^^^^^^^^^^^^^^^^^^^^^^^^
  File "/home/deepartment/projects/odoo/odoo/tools/lru.py", line 33, in __getitem__
    a = self.d[obj]
        ~~~~~~^^^^^
KeyError: 'odoo18'

During handling of the above exception, another exception occurred:

Traceback (most recent call last):
  File "/home/deepartment/projects/odoo/odoo/http.py", line 1690, in _open_registry
    registry = Registry(self.db)
               ^^^^^^^^^^^^^^^^^
  File "/home/deepartment/projects/odoo/odoo/modules/registry.py", line 108, in __new__
    return cls.new(db_name)
           ^^^^^^^^^^^^^^^^
  File "/home/deepartment/projects/odoo/venv/lib/python3.12/site-packages/decorator.py", line 232, in fun
    return caller(func, *(extras + args), **kw)
           ^^^^^^^^^^^^^^^^^^^^^^^^^^^^^^^^^^^^
  File "/home/deepartment/projects/odoo/odoo/tools/func.py", line 97, in locked
    return func(inst, *args, **kwargs)
           ^^^^^^^^^^^^^^^^^^^^^^^^^^^
  File "/home/deepartment/projects/odoo/odoo/modules/registry.py", line 126, in new
    registry.setup_signaling()
  File "/home/deepartment/projects/odoo/odoo/modules/registry.py", line 847, in setup_signaling
    cr.execute(SQL(
  File "/home/deepartment/projects/odoo/odoo/sql_db.py", line 357, in execute
    res = self._obj.execute(query, params)
          ^^^^^^^^^^^^^^^^^^^^^^^^^^^^^^^^
psycopg2.errors.InsufficientPrivilege: permission denied for schema public

2025-11-27 10:08:32,294 38405 INFO ? werkzeug: 127.0.0.1 - - [27/Nov/2025 10:08:32] "GET /odoo HTTP/1.1" 302 - 3 0.001 0.006
2025-11-27 10:08:32,309 38405 ERROR ? odoo.sql_db: bad query: b'CREATE SEQUENCE "base_registry_signaling" INCREMENT BY 1 START WITH 1'
ERROR: permission denied for schema public
 
2025-11-27 10:08:32,310 38405 ERROR ? odoo.modules.registry: Failed to load registry 
2025-11-27 10:08:32,310 38405 WARNING ? odoo.http: Database or registry unusable, trying without 
Traceback (most recent call last):
  File "/home/deepartment/projects/odoo/odoo/modules/registry.py", line 106, in __new__
    return cls.registries[db_name]
           ~~~~~~~~~~~~~~^^^^^^^^^
  File "/home/deepartment/projects/odoo/venv/lib/python3.12/site-packages/decorator.py", line 232, in fun
    return caller(func, *(extras + args), **kw)
           ^^^^^^^^^^^^^^^^^^^^^^^^^^^^^^^^^^^^
  File "/home/deepartment/projects/odoo/odoo/tools/func.py", line 97, in locked
    return func(inst, *args, **kwargs)
           ^^^^^^^^^^^^^^^^^^^^^^^^^^^
  File "/home/deepartment/projects/odoo/odoo/tools/lru.py", line 33, in __getitem__
    a = self.d[obj]
        ~~~~~~^^^^^
KeyError: 'odoo18'

During handling of the above exception, another exception occurred:

Traceback (most recent call last):
  File "/home/deepartment/projects/odoo/odoo/http.py", line 1690, in _open_registry
    registry = Registry(self.db)
               ^^^^^^^^^^^^^^^^^
  File "/home/deepartment/projects/odoo/odoo/modules/registry.py", line 108, in __new__
    return cls.new(db_name)
           ^^^^^^^^^^^^^^^^
  File "/home/deepartment/projects/odoo/venv/lib/python3.12/site-packages/decorator.py", line 232, in fun
    return caller(func, *(extras + args), **kw)
           ^^^^^^^^^^^^^^^^^^^^^^^^^^^^^^^^^^^^
  File "/home/deepartment/projects/odoo/odoo/tools/func.py", line 97, in locked
    return func(inst, *args, **kwargs)
           ^^^^^^^^^^^^^^^^^^^^^^^^^^^
  File "/home/deepartment/projects/odoo/odoo/modules/registry.py", line 126, in new
    registry.setup_signaling()
  File "/home/deepartment/projects/odoo/odoo/modules/registry.py", line 847, in setup_signaling
    cr.execute(SQL(
  File "/home/deepartment/projects/odoo/odoo/sql_db.py", line 357, in execute
    res = self._obj.execute(query, params)
          ^^^^^^^^^^^^^^^^^^^^^^^^^^^^^^^^
psycopg2.errors.InsufficientPrivilege: permission denied for schema public

2025-11-27 10:08:32,316 38405 INFO ? werkzeug: 127.0.0.1 - - [27/Nov/2025 10:08:32] "GET /odoo HTTP/1.1" 302 - 3 0.002 0.009
2025-11-27 10:08:32,348 38405 ERROR ? odoo.sql_db: bad query: b'CREATE SEQUENCE "base_registry_signaling" INCREMENT BY 1 START WITH 1'
ERROR: permission denied for schema public
 
2025-11-27 10:08:32,349 38405 ERROR ? odoo.modules.registry: Failed to load registry 
2025-11-27 10:08:32,349 38405 WARNING ? odoo.http: Database or registry unusable, trying without 
Traceback (most recent call last):
  File "/home/deepartment/projects/odoo/odoo/modules/registry.py", line 106, in __new__
    return cls.registries[db_name]
           ~~~~~~~~~~~~~~^^^^^^^^^
  File "/home/deepartment/projects/odoo/venv/lib/python3.12/site-packages/decorator.py", line 232, in fun
    return caller(func, *(extras + args), **kw)
           ^^^^^^^^^^^^^^^^^^^^^^^^^^^^^^^^^^^^
  File "/home/deepartment/projects/odoo/odoo/tools/func.py", line 97, in locked
    return func(inst, *args, **kwargs)
           ^^^^^^^^^^^^^^^^^^^^^^^^^^^
  File "/home/deepartment/projects/odoo/odoo/tools/lru.py", line 33, in __getitem__
    a = self.d[obj]
        ~~~~~~^^^^^
KeyError: 'odoo18'

During handling of the above exception, another exception occurred:

Traceback (most recent call last):
  File "/home/deepartment/projects/odoo/odoo/http.py", line 1690, in _open_registry
    registry = Registry(self.db)
               ^^^^^^^^^^^^^^^^^
  File "/home/deepartment/projects/odoo/odoo/modules/registry.py", line 108, in __new__
    return cls.new(db_name)
           ^^^^^^^^^^^^^^^^
  File "/home/deepartment/projects/odoo/venv/lib/python3.12/site-packages/decorator.py", line 232, in fun
    return caller(func, *(extras + args), **kw)
           ^^^^^^^^^^^^^^^^^^^^^^^^^^^^^^^^^^^^
  File "/home/deepartment/projects/odoo/odoo/tools/func.py", line 97, in locked
    return func(inst, *args, **kwargs)
           ^^^^^^^^^^^^^^^^^^^^^^^^^^^
  File "/home/deepartment/projects/odoo/odoo/modules/registry.py", line 126, in new
    registry.setup_signaling()
  File "/home/deepartment/projects/odoo/odoo/modules/registry.py", line 847, in setup_signaling
    cr.execute(SQL(
  File "/home/deepartment/projects/odoo/odoo/sql_db.py", line 357, in execute
    res = self._obj.execute(query, params)
          ^^^^^^^^^^^^^^^^^^^^^^^^^^^^^^^^
psycopg2.errors.InsufficientPrivilege: permission denied for schema public

2025-11-27 10:08:32,354 38405 INFO ? werkzeug: 127.0.0.1 - - [27/Nov/2025 10:08:32] "GET /odoo HTTP/1.1" 302 - 3 0.002 0.008
2025-11-27 10:08:32,846 38405 ERROR ? odoo.sql_db: bad query: b'CREATE SEQUENCE "base_registry_signaling" INCREMENT BY 1 START WITH 1'
ERROR: permission denied for schema public
 
2025-11-27 10:08:32,847 38405 ERROR ? odoo.modules.registry: Failed to load registry 
2025-11-27 10:08:32,847 38405 WARNING ? odoo.http: Database or registry unusable, trying without 
Traceback (most recent call last):
  File "/home/deepartment/projects/odoo/odoo/modules/registry.py", line 106, in __new__
    return cls.registries[db_name]
           ~~~~~~~~~~~~~~^^^^^^^^^
  File "/home/deepartment/projects/odoo/venv/lib/python3.12/site-packages/decorator.py", line 232, in fun
    return caller(func, *(extras + args), **kw)
           ^^^^^^^^^^^^^^^^^^^^^^^^^^^^^^^^^^^^
  File "/home/deepartment/projects/odoo/odoo/tools/func.py", line 97, in locked
    return func(inst, *args, **kwargs)
           ^^^^^^^^^^^^^^^^^^^^^^^^^^^
  File "/home/deepartment/projects/odoo/odoo/tools/lru.py", line 33, in __getitem__
    a = self.d[obj]
        ~~~~~~^^^^^
KeyError: 'odoo18'

During handling of the above exception, another exception occurred:

Traceback (most recent call last):
  File "/home/deepartment/projects/odoo/odoo/http.py", line 1690, in _open_registry
    registry = Registry(self.db)
               ^^^^^^^^^^^^^^^^^
  File "/home/deepartment/projects/odoo/odoo/modules/registry.py", line 108, in __new__
    return cls.new(db_name)
           ^^^^^^^^^^^^^^^^
  File "/home/deepartment/projects/odoo/venv/lib/python3.12/site-packages/decorator.py", line 232, in fun
    return caller(func, *(extras + args), **kw)
           ^^^^^^^^^^^^^^^^^^^^^^^^^^^^^^^^^^^^
  File "/home/deepartment/projects/odoo/odoo/tools/func.py", line 97, in locked
    return func(inst, *args, **kwargs)
           ^^^^^^^^^^^^^^^^^^^^^^^^^^^
  File "/home/deepartment/projects/odoo/odoo/modules/registry.py", line 126, in new
    registry.setup_signaling()
  File "/home/deepartment/projects/odoo/odoo/modules/registry.py", line 847, in setup_signaling
    cr.execute(SQL(
  File "/home/deepartment/projects/odoo/odoo/sql_db.py", line 357, in execute
    res = self._obj.execute(query, params)
          ^^^^^^^^^^^^^^^^^^^^^^^^^^^^^^^^
psycopg2.errors.InsufficientPrivilege: permission denied for schema public

2025-11-27 10:08:32,849 38405 INFO ? werkzeug: 127.0.0.1 - - [27/Nov/2025 10:08:32] "GET /web/service-worker.js HTTP/1.1" 404 - 3 0.007 0.005
2025-11-27 10:08:41,403 38405 ERROR ? odoo.sql_db: bad query: b'CREATE SEQUENCE "base_registry_signaling" INCREMENT BY 1 START WITH 1'
ERROR: permission denied for schema public
 
2025-11-27 10:08:41,404 38405 ERROR ? odoo.modules.registry: Failed to load registry 
2025-11-27 10:08:41,404 38405 WARNING ? odoo.http: Database or registry unusable, trying without 
Traceback (most recent call last):
  File "/home/deepartment/projects/odoo/odoo/modules/registry.py", line 106, in __new__
    return cls.registries[db_name]
           ~~~~~~~~~~~~~~^^^^^^^^^
  File "/home/deepartment/projects/odoo/venv/lib/python3.12/site-packages/decorator.py", line 232, in fun
    return caller(func, *(extras + args), **kw)
           ^^^^^^^^^^^^^^^^^^^^^^^^^^^^^^^^^^^^
  File "/home/deepartment/projects/odoo/odoo/tools/func.py", line 97, in locked
    return func(inst, *args, **kwargs)
           ^^^^^^^^^^^^^^^^^^^^^^^^^^^
  File "/home/deepartment/projects/odoo/odoo/tools/lru.py", line 33, in __getitem__
    a = self.d[obj]
        ~~~~~~^^^^^
KeyError: 'odoo18'

During handling of the above exception, another exception occurred:

Traceback (most recent call last):
  File "/home/deepartment/projects/odoo/odoo/http.py", line 1690, in _open_registry
    registry = Registry(self.db)
               ^^^^^^^^^^^^^^^^^
  File "/home/deepartment/projects/odoo/odoo/modules/registry.py", line 108, in __new__
    return cls.new(db_name)
           ^^^^^^^^^^^^^^^^
  File "/home/deepartment/projects/odoo/venv/lib/python3.12/site-packages/decorator.py", line 232, in fun
    return caller(func, *(extras + args), **kw)
           ^^^^^^^^^^^^^^^^^^^^^^^^^^^^^^^^^^^^
  File "/home/deepartment/projects/odoo/odoo/tools/func.py", line 97, in locked
    return func(inst, *args, **kwargs)
           ^^^^^^^^^^^^^^^^^^^^^^^^^^^
  File "/home/deepartment/projects/odoo/odoo/modules/registry.py", line 126, in new
    registry.setup_signaling()
  File "/home/deepartment/projects/odoo/odoo/modules/registry.py", line 847, in setup_signaling
    cr.execute(SQL(
  File "/home/deepartment/projects/odoo/odoo/sql_db.py", line 357, in execute
    res = self._obj.execute(query, params)
          ^^^^^^^^^^^^^^^^^^^^^^^^^^^^^^^^
psycopg2.errors.InsufficientPrivilege: permission denied for schema public

2025-11-27 10:08:41,408 38405 INFO ? werkzeug: 127.0.0.1 - - [27/Nov/2025 10:08:41] "GET /odoo HTTP/1.1" 302 - 3 0.003 0.011
2025-11-27 10:08:41,436 38405 ERROR ? odoo.sql_db: bad query: b'CREATE SEQUENCE "base_registry_signaling" INCREMENT BY 1 START WITH 1'
ERROR: permission denied for schema public
 
2025-11-27 10:08:41,437 38405 ERROR ? odoo.modules.registry: Failed to load registry 
2025-11-27 10:08:41,437 38405 WARNING ? odoo.http: Database or registry unusable, trying without 
Traceback (most recent call last):
  File "/home/deepartment/projects/odoo/odoo/modules/registry.py", line 106, in __new__
    return cls.registries[db_name]
           ~~~~~~~~~~~~~~^^^^^^^^^
  File "/home/deepartment/projects/odoo/venv/lib/python3.12/site-packages/decorator.py", line 232, in fun
    return caller(func, *(extras + args), **kw)
           ^^^^^^^^^^^^^^^^^^^^^^^^^^^^^^^^^^^^
  File "/home/deepartment/projects/odoo/odoo/tools/func.py", line 97, in locked
    return func(inst, *args, **kwargs)
           ^^^^^^^^^^^^^^^^^^^^^^^^^^^
  File "/home/deepartment/projects/odoo/odoo/tools/lru.py", line 33, in __getitem__
    a = self.d[obj]
        ~~~~~~^^^^^
KeyError: 'odoo18'

During handling of the above exception, another exception occurred:

Traceback (most recent call last):
  File "/home/deepartment/projects/odoo/odoo/http.py", line 1690, in _open_registry
    registry = Registry(self.db)
               ^^^^^^^^^^^^^^^^^
  File "/home/deepartment/projects/odoo/odoo/modules/registry.py", line 108, in __new__
    return cls.new(db_name)
           ^^^^^^^^^^^^^^^^
  File "/home/deepartment/projects/odoo/venv/lib/python3.12/site-packages/decorator.py", line 232, in fun
    return caller(func, *(extras + args), **kw)
           ^^^^^^^^^^^^^^^^^^^^^^^^^^^^^^^^^^^^
  File "/home/deepartment/projects/odoo/odoo/tools/func.py", line 97, in locked
    return func(inst, *args, **kwargs)
           ^^^^^^^^^^^^^^^^^^^^^^^^^^^
  File "/home/deepartment/projects/odoo/odoo/modules/registry.py", line 126, in new
    registry.setup_signaling()
  File "/home/deepartment/projects/odoo/odoo/modules/registry.py", line 847, in setup_signaling
    cr.execute(SQL(
  File "/home/deepartment/projects/odoo/odoo/sql_db.py", line 357, in execute
    res = self._obj.execute(query, params)
          ^^^^^^^^^^^^^^^^^^^^^^^^^^^^^^^^
psycopg2.errors.InsufficientPrivilege: permission denied for schema public

2025-11-27 10:08:41,439 38405 INFO ? werkzeug: 127.0.0.1 - - [27/Nov/2025 10:08:41] "GET /odoo HTTP/1.1" 302 - 3 0.001 0.005
2025-11-27 10:08:41,463 38405 ERROR ? odoo.sql_db: bad query: b'CREATE SEQUENCE "base_registry_signaling" INCREMENT BY 1 START WITH 1'
ERROR: permission denied for schema public
 
2025-11-27 10:08:41,464 38405 ERROR ? odoo.modules.registry: Failed to load registry 
2025-11-27 10:08:41,464 38405 WARNING ? odoo.http: Database or registry unusable, trying without 
Traceback (most recent call last):
  File "/home/deepartment/projects/odoo/odoo/modules/registry.py", line 106, in __new__
    return cls.registries[db_name]
           ~~~~~~~~~~~~~~^^^^^^^^^
  File "/home/deepartment/projects/odoo/venv/lib/python3.12/site-packages/decorator.py", line 232, in fun
    return caller(func, *(extras + args), **kw)
           ^^^^^^^^^^^^^^^^^^^^^^^^^^^^^^^^^^^^
  File "/home/deepartment/projects/odoo/odoo/tools/func.py", line 97, in locked
    return func(inst, *args, **kwargs)
           ^^^^^^^^^^^^^^^^^^^^^^^^^^^
  File "/home/deepartment/projects/odoo/odoo/tools/lru.py", line 33, in __getitem__
    a = self.d[obj]
        ~~~~~~^^^^^
KeyError: 'odoo18'

During handling of the above exception, another exception occurred:

Traceback (most recent call last):
  File "/home/deepartment/projects/odoo/odoo/http.py", line 1690, in _open_registry
    registry = Registry(self.db)
               ^^^^^^^^^^^^^^^^^
  File "/home/deepartment/projects/odoo/odoo/modules/registry.py", line 108, in __new__
    return cls.new(db_name)
           ^^^^^^^^^^^^^^^^
  File "/home/deepartment/projects/odoo/venv/lib/python3.12/site-packages/decorator.py", line 232, in fun
    return caller(func, *(extras + args), **kw)
           ^^^^^^^^^^^^^^^^^^^^^^^^^^^^^^^^^^^^
  File "/home/deepartment/projects/odoo/odoo/tools/func.py", line 97, in locked
    return func(inst, *args, **kwargs)
           ^^^^^^^^^^^^^^^^^^^^^^^^^^^
  File "/home/deepartment/projects/odoo/odoo/modules/registry.py", line 126, in new
    registry.setup_signaling()
  File "/home/deepartment/projects/odoo/odoo/modules/registry.py", line 847, in setup_signaling
    cr.execute(SQL(
  File "/home/deepartment/projects/odoo/odoo/sql_db.py", line 357, in execute
    res = self._obj.execute(query, params)
          ^^^^^^^^^^^^^^^^^^^^^^^^^^^^^^^^
psycopg2.errors.InsufficientPrivilege: permission denied for schema public

2025-11-27 10:08:41,466 38405 INFO ? werkzeug: 127.0.0.1 - - [27/Nov/2025 10:08:41] "GET /odoo HTTP/1.1" 302 - 3 0.003 0.006
2025-11-27 10:08:41,494 38405 ERROR ? odoo.sql_db: bad query: b'CREATE SEQUENCE "base_registry_signaling" INCREMENT BY 1 START WITH 1'
ERROR: permission denied for schema public
 
2025-11-27 10:08:41,494 38405 ERROR ? odoo.modules.registry: Failed to load registry 
2025-11-27 10:08:41,494 38405 WARNING ? odoo.http: Database or registry unusable, trying without 
Traceback (most recent call last):
  File "/home/deepartment/projects/odoo/odoo/modules/registry.py", line 106, in __new__
    return cls.registries[db_name]
           ~~~~~~~~~~~~~~^^^^^^^^^
  File "/home/deepartment/projects/odoo/venv/lib/python3.12/site-packages/decorator.py", line 232, in fun
    return caller(func, *(extras + args), **kw)
           ^^^^^^^^^^^^^^^^^^^^^^^^^^^^^^^^^^^^
  File "/home/deepartment/projects/odoo/odoo/tools/func.py", line 97, in locked
    return func(inst, *args, **kwargs)
           ^^^^^^^^^^^^^^^^^^^^^^^^^^^
  File "/home/deepartment/projects/odoo/odoo/tools/lru.py", line 33, in __getitem__
    a = self.d[obj]
        ~~~~~~^^^^^
KeyError: 'odoo18'

During handling of the above exception, another exception occurred:

Traceback (most recent call last):
  File "/home/deepartment/projects/odoo/odoo/http.py", line 1690, in _open_registry
    registry = Registry(self.db)
               ^^^^^^^^^^^^^^^^^
  File "/home/deepartment/projects/odoo/odoo/modules/registry.py", line 108, in __new__
    return cls.new(db_name)
           ^^^^^^^^^^^^^^^^
  File "/home/deepartment/projects/odoo/venv/lib/python3.12/site-packages/decorator.py", line 232, in fun
    return caller(func, *(extras + args), **kw)
           ^^^^^^^^^^^^^^^^^^^^^^^^^^^^^^^^^^^^
  File "/home/deepartment/projects/odoo/odoo/tools/func.py", line 97, in locked
    return func(inst, *args, **kwargs)
           ^^^^^^^^^^^^^^^^^^^^^^^^^^^
  File "/home/deepartment/projects/odoo/odoo/modules/registry.py", line 126, in new
    registry.setup_signaling()
  File "/home/deepartment/projects/odoo/odoo/modules/registry.py", line 847, in setup_signaling
    cr.execute(SQL(
  File "/home/deepartment/projects/odoo/odoo/sql_db.py", line 357, in execute
    res = self._obj.execute(query, params)
          ^^^^^^^^^^^^^^^^^^^^^^^^^^^^^^^^
psycopg2.errors.InsufficientPrivilege: permission denied for schema public

2025-11-27 10:08:41,497 38405 INFO ? werkzeug: 127.0.0.1 - - [27/Nov/2025 10:08:41] "GET /odoo HTTP/1.1" 302 - 3 0.001 0.008
2025-11-27 10:08:41,517 38405 ERROR ? odoo.sql_db: bad query: b'CREATE SEQUENCE "base_registry_signaling" INCREMENT BY 1 START WITH 1'
ERROR: permission denied for schema public
 
2025-11-27 10:08:41,518 38405 ERROR ? odoo.modules.registry: Failed to load registry 
2025-11-27 10:08:41,518 38405 WARNING ? odoo.http: Database or registry unusable, trying without 
Traceback (most recent call last):
  File "/home/deepartment/projects/odoo/odoo/modules/registry.py", line 106, in __new__
    return cls.registries[db_name]
           ~~~~~~~~~~~~~~^^^^^^^^^
  File "/home/deepartment/projects/odoo/venv/lib/python3.12/site-packages/decorator.py", line 232, in fun
    return caller(func, *(extras + args), **kw)
           ^^^^^^^^^^^^^^^^^^^^^^^^^^^^^^^^^^^^
  File "/home/deepartment/projects/odoo/odoo/tools/func.py", line 97, in locked
    return func(inst, *args, **kwargs)
           ^^^^^^^^^^^^^^^^^^^^^^^^^^^
  File "/home/deepartment/projects/odoo/odoo/tools/lru.py", line 33, in __getitem__
    a = self.d[obj]
        ~~~~~~^^^^^
KeyError: 'odoo18'

During handling of the above exception, another exception occurred:

Traceback (most recent call last):
  File "/home/deepartment/projects/odoo/odoo/http.py", line 1690, in _open_registry
    registry = Registry(self.db)
               ^^^^^^^^^^^^^^^^^
  File "/home/deepartment/projects/odoo/odoo/modules/registry.py", line 108, in __new__
    return cls.new(db_name)
           ^^^^^^^^^^^^^^^^
  File "/home/deepartment/projects/odoo/venv/lib/python3.12/site-packages/decorator.py", line 232, in fun
    return caller(func, *(extras + args), **kw)
           ^^^^^^^^^^^^^^^^^^^^^^^^^^^^^^^^^^^^
  File "/home/deepartment/projects/odoo/odoo/tools/func.py", line 97, in locked
    return func(inst, *args, **kwargs)
           ^^^^^^^^^^^^^^^^^^^^^^^^^^^
  File "/home/deepartment/projects/odoo/odoo/modules/registry.py", line 126, in new
    registry.setup_signaling()
  File "/home/deepartment/projects/odoo/odoo/modules/registry.py", line 847, in setup_signaling
    cr.execute(SQL(
  File "/home/deepartment/projects/odoo/odoo/sql_db.py", line 357, in execute
    res = self._obj.execute(query, params)
          ^^^^^^^^^^^^^^^^^^^^^^^^^^^^^^^^
psycopg2.errors.InsufficientPrivilege: permission denied for schema public

2025-11-27 10:08:41,522 38405 INFO ? werkzeug: 127.0.0.1 - - [27/Nov/2025 10:08:41] "GET /odoo HTTP/1.1" 302 - 3 0.001 0.007
2025-11-27 10:08:41,545 38405 ERROR ? odoo.sql_db: bad query: b'CREATE SEQUENCE "base_registry_signaling" INCREMENT BY 1 START WITH 1'
ERROR: permission denied for schema public
 
2025-11-27 10:08:41,545 38405 ERROR ? odoo.modules.registry: Failed to load registry 
2025-11-27 10:08:41,545 38405 WARNING ? odoo.http: Database or registry unusable, trying without 
Traceback (most recent call last):
  File "/home/deepartment/projects/odoo/odoo/modules/registry.py", line 106, in __new__
    return cls.registries[db_name]
           ~~~~~~~~~~~~~~^^^^^^^^^
  File "/home/deepartment/projects/odoo/venv/lib/python3.12/site-packages/decorator.py", line 232, in fun
    return caller(func, *(extras + args), **kw)
           ^^^^^^^^^^^^^^^^^^^^^^^^^^^^^^^^^^^^
  File "/home/deepartment/projects/odoo/odoo/tools/func.py", line 97, in locked
    return func(inst, *args, **kwargs)
           ^^^^^^^^^^^^^^^^^^^^^^^^^^^
  File "/home/deepartment/projects/odoo/odoo/tools/lru.py", line 33, in __getitem__
    a = self.d[obj]
        ~~~~~~^^^^^
KeyError: 'odoo18'

During handling of the above exception, another exception occurred:

Traceback (most recent call last):
  File "/home/deepartment/projects/odoo/odoo/http.py", line 1690, in _open_registry
    registry = Registry(self.db)
               ^^^^^^^^^^^^^^^^^
  File "/home/deepartment/projects/odoo/odoo/modules/registry.py", line 108, in __new__
    return cls.new(db_name)
           ^^^^^^^^^^^^^^^^
  File "/home/deepartment/projects/odoo/venv/lib/python3.12/site-packages/decorator.py", line 232, in fun
    return caller(func, *(extras + args), **kw)
           ^^^^^^^^^^^^^^^^^^^^^^^^^^^^^^^^^^^^
  File "/home/deepartment/projects/odoo/odoo/tools/func.py", line 97, in locked
    return func(inst, *args, **kwargs)
           ^^^^^^^^^^^^^^^^^^^^^^^^^^^
  File "/home/deepartment/projects/odoo/odoo/modules/registry.py", line 126, in new
    registry.setup_signaling()
  File "/home/deepartment/projects/odoo/odoo/modules/registry.py", line 847, in setup_signaling
    cr.execute(SQL(
  File "/home/deepartment/projects/odoo/odoo/sql_db.py", line 357, in execute
    res = self._obj.execute(query, params)
          ^^^^^^^^^^^^^^^^^^^^^^^^^^^^^^^^
psycopg2.errors.InsufficientPrivilege: permission denied for schema public

2025-11-27 10:08:41,548 38405 INFO ? werkzeug: 127.0.0.1 - - [27/Nov/2025 10:08:41] "GET /odoo HTTP/1.1" 302 - 3 0.002 0.005
2025-11-27 10:08:41,566 38405 ERROR ? odoo.sql_db: bad query: b'CREATE SEQUENCE "base_registry_signaling" INCREMENT BY 1 START WITH 1'
ERROR: permission denied for schema public
 
2025-11-27 10:08:41,567 38405 ERROR ? odoo.modules.registry: Failed to load registry 
2025-11-27 10:08:41,567 38405 WARNING ? odoo.http: Database or registry unusable, trying without 
Traceback (most recent call last):
  File "/home/deepartment/projects/odoo/odoo/modules/registry.py", line 106, in __new__
    return cls.registries[db_name]
           ~~~~~~~~~~~~~~^^^^^^^^^
  File "/home/deepartment/projects/odoo/venv/lib/python3.12/site-packages/decorator.py", line 232, in fun
    return caller(func, *(extras + args), **kw)
           ^^^^^^^^^^^^^^^^^^^^^^^^^^^^^^^^^^^^
  File "/home/deepartment/projects/odoo/odoo/tools/func.py", line 97, in locked
    return func(inst, *args, **kwargs)
           ^^^^^^^^^^^^^^^^^^^^^^^^^^^
  File "/home/deepartment/projects/odoo/odoo/tools/lru.py", line 33, in __getitem__
    a = self.d[obj]
        ~~~~~~^^^^^
KeyError: 'odoo18'

During handling of the above exception, another exception occurred:

Traceback (most recent call last):
  File "/home/deepartment/projects/odoo/odoo/http.py", line 1690, in _open_registry
    registry = Registry(self.db)
               ^^^^^^^^^^^^^^^^^
  File "/home/deepartment/projects/odoo/odoo/modules/registry.py", line 108, in __new__
    return cls.new(db_name)
           ^^^^^^^^^^^^^^^^
  File "/home/deepartment/projects/odoo/venv/lib/python3.12/site-packages/decorator.py", line 232, in fun
    return caller(func, *(extras + args), **kw)
           ^^^^^^^^^^^^^^^^^^^^^^^^^^^^^^^^^^^^
  File "/home/deepartment/projects/odoo/odoo/tools/func.py", line 97, in locked
    return func(inst, *args, **kwargs)
           ^^^^^^^^^^^^^^^^^^^^^^^^^^^
  File "/home/deepartment/projects/odoo/odoo/modules/registry.py", line 126, in new
    registry.setup_signaling()
  File "/home/deepartment/projects/odoo/odoo/modules/registry.py", line 847, in setup_signaling
    cr.execute(SQL(
  File "/home/deepartment/projects/odoo/odoo/sql_db.py", line 357, in execute
    res = self._obj.execute(query, params)
          ^^^^^^^^^^^^^^^^^^^^^^^^^^^^^^^^
psycopg2.errors.InsufficientPrivilege: permission denied for schema public

2025-11-27 10:08:41,571 38405 INFO ? werkzeug: 127.0.0.1 - - [27/Nov/2025 10:08:41] "GET /odoo HTTP/1.1" 302 - 3 0.002 0.007
2025-11-27 10:08:41,593 38405 ERROR ? odoo.sql_db: bad query: b'CREATE SEQUENCE "base_registry_signaling" INCREMENT BY 1 START WITH 1'
ERROR: permission denied for schema public
 
2025-11-27 10:08:41,593 38405 ERROR ? odoo.modules.registry: Failed to load registry 
2025-11-27 10:08:41,593 38405 WARNING ? odoo.http: Database or registry unusable, trying without 
Traceback (most recent call last):
  File "/home/deepartment/projects/odoo/odoo/modules/registry.py", line 106, in __new__
    return cls.registries[db_name]
           ~~~~~~~~~~~~~~^^^^^^^^^
  File "/home/deepartment/projects/odoo/venv/lib/python3.12/site-packages/decorator.py", line 232, in fun
    return caller(func, *(extras + args), **kw)
           ^^^^^^^^^^^^^^^^^^^^^^^^^^^^^^^^^^^^
  File "/home/deepartment/projects/odoo/odoo/tools/func.py", line 97, in locked
    return func(inst, *args, **kwargs)
           ^^^^^^^^^^^^^^^^^^^^^^^^^^^
  File "/home/deepartment/projects/odoo/odoo/tools/lru.py", line 33, in __getitem__
    a = self.d[obj]
        ~~~~~~^^^^^
KeyError: 'odoo18'

During handling of the above exception, another exception occurred:

Traceback (most recent call last):
  File "/home/deepartment/projects/odoo/odoo/http.py", line 1690, in _open_registry
    registry = Registry(self.db)
               ^^^^^^^^^^^^^^^^^
  File "/home/deepartment/projects/odoo/odoo/modules/registry.py", line 108, in __new__
    return cls.new(db_name)
           ^^^^^^^^^^^^^^^^
  File "/home/deepartment/projects/odoo/venv/lib/python3.12/site-packages/decorator.py", line 232, in fun
    return caller(func, *(extras + args), **kw)
           ^^^^^^^^^^^^^^^^^^^^^^^^^^^^^^^^^^^^
  File "/home/deepartment/projects/odoo/odoo/tools/func.py", line 97, in locked
    return func(inst, *args, **kwargs)
           ^^^^^^^^^^^^^^^^^^^^^^^^^^^
  File "/home/deepartment/projects/odoo/odoo/modules/registry.py", line 126, in new
    registry.setup_signaling()
  File "/home/deepartment/projects/odoo/odoo/modules/registry.py", line 847, in setup_signaling
    cr.execute(SQL(
  File "/home/deepartment/projects/odoo/odoo/sql_db.py", line 357, in execute
    res = self._obj.execute(query, params)
          ^^^^^^^^^^^^^^^^^^^^^^^^^^^^^^^^
psycopg2.errors.InsufficientPrivilege: permission denied for schema public

2025-11-27 10:08:41,599 38405 INFO ? werkzeug: 127.0.0.1 - - [27/Nov/2025 10:08:41] "GET /odoo HTTP/1.1" 302 - 3 0.001 0.008
2025-11-27 10:08:41,618 38405 ERROR ? odoo.sql_db: bad query: b'CREATE SEQUENCE "base_registry_signaling" INCREMENT BY 1 START WITH 1'
ERROR: permission denied for schema public
 
2025-11-27 10:08:41,619 38405 ERROR ? odoo.modules.registry: Failed to load registry 
2025-11-27 10:08:41,619 38405 WARNING ? odoo.http: Database or registry unusable, trying without 
Traceback (most recent call last):
  File "/home/deepartment/projects/odoo/odoo/modules/registry.py", line 106, in __new__
    return cls.registries[db_name]
           ~~~~~~~~~~~~~~^^^^^^^^^
  File "/home/deepartment/projects/odoo/venv/lib/python3.12/site-packages/decorator.py", line 232, in fun
    return caller(func, *(extras + args), **kw)
           ^^^^^^^^^^^^^^^^^^^^^^^^^^^^^^^^^^^^
  File "/home/deepartment/projects/odoo/odoo/tools/func.py", line 97, in locked
    return func(inst, *args, **kwargs)
           ^^^^^^^^^^^^^^^^^^^^^^^^^^^
  File "/home/deepartment/projects/odoo/odoo/tools/lru.py", line 33, in __getitem__
    a = self.d[obj]
        ~~~~~~^^^^^
KeyError: 'odoo18'

During handling of the above exception, another exception occurred:

Traceback (most recent call last):
  File "/home/deepartment/projects/odoo/odoo/http.py", line 1690, in _open_registry
    registry = Registry(self.db)
               ^^^^^^^^^^^^^^^^^
  File "/home/deepartment/projects/odoo/odoo/modules/registry.py", line 108, in __new__
    return cls.new(db_name)
           ^^^^^^^^^^^^^^^^
  File "/home/deepartment/projects/odoo/venv/lib/python3.12/site-packages/decorator.py", line 232, in fun
    return caller(func, *(extras + args), **kw)
           ^^^^^^^^^^^^^^^^^^^^^^^^^^^^^^^^^^^^
  File "/home/deepartment/projects/odoo/odoo/tools/func.py", line 97, in locked
    return func(inst, *args, **kwargs)
           ^^^^^^^^^^^^^^^^^^^^^^^^^^^
  File "/home/deepartment/projects/odoo/odoo/modules/registry.py", line 126, in new
    registry.setup_signaling()
  File "/home/deepartment/projects/odoo/odoo/modules/registry.py", line 847, in setup_signaling
    cr.execute(SQL(
  File "/home/deepartment/projects/odoo/odoo/sql_db.py", line 357, in execute
    res = self._obj.execute(query, params)
          ^^^^^^^^^^^^^^^^^^^^^^^^^^^^^^^^
psycopg2.errors.InsufficientPrivilege: permission denied for schema public

2025-11-27 10:08:41,621 38405 INFO ? werkzeug: 127.0.0.1 - - [27/Nov/2025 10:08:41] "GET /odoo HTTP/1.1" 302 - 3 0.001 0.005
2025-11-27 10:08:41,638 38405 ERROR ? odoo.sql_db: bad query: b'CREATE SEQUENCE "base_registry_signaling" INCREMENT BY 1 START WITH 1'
ERROR: permission denied for schema public
 
2025-11-27 10:08:41,638 38405 ERROR ? odoo.modules.registry: Failed to load registry 
2025-11-27 10:08:41,638 38405 WARNING ? odoo.http: Database or registry unusable, trying without 
Traceback (most recent call last):
  File "/home/deepartment/projects/odoo/odoo/modules/registry.py", line 106, in __new__
    return cls.registries[db_name]
           ~~~~~~~~~~~~~~^^^^^^^^^
  File "/home/deepartment/projects/odoo/venv/lib/python3.12/site-packages/decorator.py", line 232, in fun
    return caller(func, *(extras + args), **kw)
           ^^^^^^^^^^^^^^^^^^^^^^^^^^^^^^^^^^^^
  File "/home/deepartment/projects/odoo/odoo/tools/func.py", line 97, in locked
    return func(inst, *args, **kwargs)
           ^^^^^^^^^^^^^^^^^^^^^^^^^^^
  File "/home/deepartment/projects/odoo/odoo/tools/lru.py", line 33, in __getitem__
    a = self.d[obj]
        ~~~~~~^^^^^
KeyError: 'odoo18'

During handling of the above exception, another exception occurred:

Traceback (most recent call last):
  File "/home/deepartment/projects/odoo/odoo/http.py", line 1690, in _open_registry
    registry = Registry(self.db)
               ^^^^^^^^^^^^^^^^^
  File "/home/deepartment/projects/odoo/odoo/modules/registry.py", line 108, in __new__
    return cls.new(db_name)
           ^^^^^^^^^^^^^^^^
  File "/home/deepartment/projects/odoo/venv/lib/python3.12/site-packages/decorator.py", line 232, in fun
    return caller(func, *(extras + args), **kw)
           ^^^^^^^^^^^^^^^^^^^^^^^^^^^^^^^^^^^^
  File "/home/deepartment/projects/odoo/odoo/tools/func.py", line 97, in locked
    return func(inst, *args, **kwargs)
           ^^^^^^^^^^^^^^^^^^^^^^^^^^^
  File "/home/deepartment/projects/odoo/odoo/modules/registry.py", line 126, in new
    registry.setup_signaling()
  File "/home/deepartment/projects/odoo/odoo/modules/registry.py", line 847, in setup_signaling
    cr.execute(SQL(
  File "/home/deepartment/projects/odoo/odoo/sql_db.py", line 357, in execute
    res = self._obj.execute(query, params)
          ^^^^^^^^^^^^^^^^^^^^^^^^^^^^^^^^
psycopg2.errors.InsufficientPrivilege: permission denied for schema public

2025-11-27 10:08:41,643 38405 INFO ? werkzeug: 127.0.0.1 - - [27/Nov/2025 10:08:41] "GET /odoo HTTP/1.1" 302 - 3 0.001 0.007
2025-11-27 10:08:41,659 38405 ERROR ? odoo.sql_db: bad query: b'CREATE SEQUENCE "base_registry_signaling" INCREMENT BY 1 START WITH 1'
ERROR: permission denied for schema public
 
2025-11-27 10:08:41,660 38405 ERROR ? odoo.modules.registry: Failed to load registry 
2025-11-27 10:08:41,660 38405 WARNING ? odoo.http: Database or registry unusable, trying without 
Traceback (most recent call last):
  File "/home/deepartment/projects/odoo/odoo/modules/registry.py", line 106, in __new__
    return cls.registries[db_name]
           ~~~~~~~~~~~~~~^^^^^^^^^
  File "/home/deepartment/projects/odoo/venv/lib/python3.12/site-packages/decorator.py", line 232, in fun
    return caller(func, *(extras + args), **kw)
           ^^^^^^^^^^^^^^^^^^^^^^^^^^^^^^^^^^^^
  File "/home/deepartment/projects/odoo/odoo/tools/func.py", line 97, in locked
    return func(inst, *args, **kwargs)
           ^^^^^^^^^^^^^^^^^^^^^^^^^^^
  File "/home/deepartment/projects/odoo/odoo/tools/lru.py", line 33, in __getitem__
    a = self.d[obj]
        ~~~~~~^^^^^
KeyError: 'odoo18'

During handling of the above exception, another exception occurred:

Traceback (most recent call last):
  File "/home/deepartment/projects/odoo/odoo/http.py", line 1690, in _open_registry
    registry = Registry(self.db)
               ^^^^^^^^^^^^^^^^^
  File "/home/deepartment/projects/odoo/odoo/modules/registry.py", line 108, in __new__
    return cls.new(db_name)
           ^^^^^^^^^^^^^^^^
  File "/home/deepartment/projects/odoo/venv/lib/python3.12/site-packages/decorator.py", line 232, in fun
    return caller(func, *(extras + args), **kw)
           ^^^^^^^^^^^^^^^^^^^^^^^^^^^^^^^^^^^^
  File "/home/deepartment/projects/odoo/odoo/tools/func.py", line 97, in locked
    return func(inst, *args, **kwargs)
           ^^^^^^^^^^^^^^^^^^^^^^^^^^^
  File "/home/deepartment/projects/odoo/odoo/modules/registry.py", line 126, in new
    registry.setup_signaling()
  File "/home/deepartment/projects/odoo/odoo/modules/registry.py", line 847, in setup_signaling
    cr.execute(SQL(
  File "/home/deepartment/projects/odoo/odoo/sql_db.py", line 357, in execute
    res = self._obj.execute(query, params)
          ^^^^^^^^^^^^^^^^^^^^^^^^^^^^^^^^
psycopg2.errors.InsufficientPrivilege: permission denied for schema public

2025-11-27 10:08:41,662 38405 INFO ? werkzeug: 127.0.0.1 - - [27/Nov/2025 10:08:41] "GET /odoo HTTP/1.1" 302 - 3 0.003 0.005
2025-11-27 10:08:41,679 38405 ERROR ? odoo.sql_db: bad query: b'CREATE SEQUENCE "base_registry_signaling" INCREMENT BY 1 START WITH 1'
ERROR: permission denied for schema public
 
2025-11-27 10:08:41,679 38405 ERROR ? odoo.modules.registry: Failed to load registry 
2025-11-27 10:08:41,679 38405 WARNING ? odoo.http: Database or registry unusable, trying without 
Traceback (most recent call last):
  File "/home/deepartment/projects/odoo/odoo/modules/registry.py", line 106, in __new__
    return cls.registries[db_name]
           ~~~~~~~~~~~~~~^^^^^^^^^
  File "/home/deepartment/projects/odoo/venv/lib/python3.12/site-packages/decorator.py", line 232, in fun
    return caller(func, *(extras + args), **kw)
           ^^^^^^^^^^^^^^^^^^^^^^^^^^^^^^^^^^^^
  File "/home/deepartment/projects/odoo/odoo/tools/func.py", line 97, in locked
    return func(inst, *args, **kwargs)
           ^^^^^^^^^^^^^^^^^^^^^^^^^^^
  File "/home/deepartment/projects/odoo/odoo/tools/lru.py", line 33, in __getitem__
    a = self.d[obj]
        ~~~~~~^^^^^
KeyError: 'odoo18'

During handling of the above exception, another exception occurred:

Traceback (most recent call last):
  File "/home/deepartment/projects/odoo/odoo/http.py", line 1690, in _open_registry
    registry = Registry(self.db)
               ^^^^^^^^^^^^^^^^^
  File "/home/deepartment/projects/odoo/odoo/modules/registry.py", line 108, in __new__
    return cls.new(db_name)
           ^^^^^^^^^^^^^^^^
  File "/home/deepartment/projects/odoo/venv/lib/python3.12/site-packages/decorator.py", line 232, in fun
    return caller(func, *(extras + args), **kw)
           ^^^^^^^^^^^^^^^^^^^^^^^^^^^^^^^^^^^^
  File "/home/deepartment/projects/odoo/odoo/tools/func.py", line 97, in locked
    return func(inst, *args, **kwargs)
           ^^^^^^^^^^^^^^^^^^^^^^^^^^^
  File "/home/deepartment/projects/odoo/odoo/modules/registry.py", line 126, in new
    registry.setup_signaling()
  File "/home/deepartment/projects/odoo/odoo/modules/registry.py", line 847, in setup_signaling
    cr.execute(SQL(
  File "/home/deepartment/projects/odoo/odoo/sql_db.py", line 357, in execute
    res = self._obj.execute(query, params)
          ^^^^^^^^^^^^^^^^^^^^^^^^^^^^^^^^
psycopg2.errors.InsufficientPrivilege: permission denied for schema public

2025-11-27 10:08:41,683 38405 INFO ? werkzeug: 127.0.0.1 - - [27/Nov/2025 10:08:41] "GET /odoo HTTP/1.1" 302 - 3 0.001 0.005
2025-11-27 10:08:41,698 38405 ERROR ? odoo.sql_db: bad query: b'CREATE SEQUENCE "base_registry_signaling" INCREMENT BY 1 START WITH 1'
ERROR: permission denied for schema public
 
2025-11-27 10:08:41,698 38405 ERROR ? odoo.modules.registry: Failed to load registry 
2025-11-27 10:08:41,698 38405 WARNING ? odoo.http: Database or registry unusable, trying without 
Traceback (most recent call last):
  File "/home/deepartment/projects/odoo/odoo/modules/registry.py", line 106, in __new__
    return cls.registries[db_name]
           ~~~~~~~~~~~~~~^^^^^^^^^
  File "/home/deepartment/projects/odoo/venv/lib/python3.12/site-packages/decorator.py", line 232, in fun
    return caller(func, *(extras + args), **kw)
           ^^^^^^^^^^^^^^^^^^^^^^^^^^^^^^^^^^^^
  File "/home/deepartment/projects/odoo/odoo/tools/func.py", line 97, in locked
    return func(inst, *args, **kwargs)
           ^^^^^^^^^^^^^^^^^^^^^^^^^^^
  File "/home/deepartment/projects/odoo/odoo/tools/lru.py", line 33, in __getitem__
    a = self.d[obj]
        ~~~~~~^^^^^
KeyError: 'odoo18'

During handling of the above exception, another exception occurred:

Traceback (most recent call last):
  File "/home/deepartment/projects/odoo/odoo/http.py", line 1690, in _open_registry
    registry = Registry(self.db)
               ^^^^^^^^^^^^^^^^^
  File "/home/deepartment/projects/odoo/odoo/modules/registry.py", line 108, in __new__
    return cls.new(db_name)
           ^^^^^^^^^^^^^^^^
  File "/home/deepartment/projects/odoo/venv/lib/python3.12/site-packages/decorator.py", line 232, in fun
    return caller(func, *(extras + args), **kw)
           ^^^^^^^^^^^^^^^^^^^^^^^^^^^^^^^^^^^^
  File "/home/deepartment/projects/odoo/odoo/tools/func.py", line 97, in locked
    return func(inst, *args, **kwargs)
           ^^^^^^^^^^^^^^^^^^^^^^^^^^^
  File "/home/deepartment/projects/odoo/odoo/modules/registry.py", line 126, in new
    registry.setup_signaling()
  File "/home/deepartment/projects/odoo/odoo/modules/registry.py", line 847, in setup_signaling
    cr.execute(SQL(
  File "/home/deepartment/projects/odoo/odoo/sql_db.py", line 357, in execute
    res = self._obj.execute(query, params)
          ^^^^^^^^^^^^^^^^^^^^^^^^^^^^^^^^
psycopg2.errors.InsufficientPrivilege: permission denied for schema public

2025-11-27 10:08:41,701 38405 INFO ? werkzeug: 127.0.0.1 - - [27/Nov/2025 10:08:41] "GET /odoo HTTP/1.1" 302 - 3 0.001 0.005
2025-11-27 10:08:41,719 38405 ERROR ? odoo.sql_db: bad query: b'CREATE SEQUENCE "base_registry_signaling" INCREMENT BY 1 START WITH 1'
ERROR: permission denied for schema public
 
2025-11-27 10:08:41,719 38405 ERROR ? odoo.modules.registry: Failed to load registry 
2025-11-27 10:08:41,719 38405 WARNING ? odoo.http: Database or registry unusable, trying without 
Traceback (most recent call last):
  File "/home/deepartment/projects/odoo/odoo/modules/registry.py", line 106, in __new__
    return cls.registries[db_name]
           ~~~~~~~~~~~~~~^^^^^^^^^
  File "/home/deepartment/projects/odoo/venv/lib/python3.12/site-packages/decorator.py", line 232, in fun
    return caller(func, *(extras + args), **kw)
           ^^^^^^^^^^^^^^^^^^^^^^^^^^^^^^^^^^^^
  File "/home/deepartment/projects/odoo/odoo/tools/func.py", line 97, in locked
    return func(inst, *args, **kwargs)
           ^^^^^^^^^^^^^^^^^^^^^^^^^^^
  File "/home/deepartment/projects/odoo/odoo/tools/lru.py", line 33, in __getitem__
    a = self.d[obj]
        ~~~~~~^^^^^
KeyError: 'odoo18'

During handling of the above exception, another exception occurred:

Traceback (most recent call last):
  File "/home/deepartment/projects/odoo/odoo/http.py", line 1690, in _open_registry
    registry = Registry(self.db)
               ^^^^^^^^^^^^^^^^^
  File "/home/deepartment/projects/odoo/odoo/modules/registry.py", line 108, in __new__
    return cls.new(db_name)
           ^^^^^^^^^^^^^^^^
  File "/home/deepartment/projects/odoo/venv/lib/python3.12/site-packages/decorator.py", line 232, in fun
    return caller(func, *(extras + args), **kw)
           ^^^^^^^^^^^^^^^^^^^^^^^^^^^^^^^^^^^^
  File "/home/deepartment/projects/odoo/odoo/tools/func.py", line 97, in locked
    return func(inst, *args, **kwargs)
           ^^^^^^^^^^^^^^^^^^^^^^^^^^^
  File "/home/deepartment/projects/odoo/odoo/modules/registry.py", line 126, in new
    registry.setup_signaling()
  File "/home/deepartment/projects/odoo/odoo/modules/registry.py", line 847, in setup_signaling
    cr.execute(SQL(
  File "/home/deepartment/projects/odoo/odoo/sql_db.py", line 357, in execute
    res = self._obj.execute(query, params)
          ^^^^^^^^^^^^^^^^^^^^^^^^^^^^^^^^
psycopg2.errors.InsufficientPrivilege: permission denied for schema public

2025-11-27 10:08:41,722 38405 INFO ? werkzeug: 127.0.0.1 - - [27/Nov/2025 10:08:41] "GET /odoo HTTP/1.1" 302 - 3 0.002 0.006
2025-11-27 10:08:41,740 38405 ERROR ? odoo.sql_db: bad query: b'CREATE SEQUENCE "base_registry_signaling" INCREMENT BY 1 START WITH 1'
ERROR: permission denied for schema public
 
2025-11-27 10:08:41,741 38405 ERROR ? odoo.modules.registry: Failed to load registry 
2025-11-27 10:08:41,741 38405 WARNING ? odoo.http: Database or registry unusable, trying without 
Traceback (most recent call last):
  File "/home/deepartment/projects/odoo/odoo/modules/registry.py", line 106, in __new__
    return cls.registries[db_name]
           ~~~~~~~~~~~~~~^^^^^^^^^
  File "/home/deepartment/projects/odoo/venv/lib/python3.12/site-packages/decorator.py", line 232, in fun
    return caller(func, *(extras + args), **kw)
           ^^^^^^^^^^^^^^^^^^^^^^^^^^^^^^^^^^^^
  File "/home/deepartment/projects/odoo/odoo/tools/func.py", line 97, in locked
    return func(inst, *args, **kwargs)
           ^^^^^^^^^^^^^^^^^^^^^^^^^^^
  File "/home/deepartment/projects/odoo/odoo/tools/lru.py", line 33, in __getitem__
    a = self.d[obj]
        ~~~~~~^^^^^
KeyError: 'odoo18'

During handling of the above exception, another exception occurred:

Traceback (most recent call last):
  File "/home/deepartment/projects/odoo/odoo/http.py", line 1690, in _open_registry
    registry = Registry(self.db)
               ^^^^^^^^^^^^^^^^^
  File "/home/deepartment/projects/odoo/odoo/modules/registry.py", line 108, in __new__
    return cls.new(db_name)
           ^^^^^^^^^^^^^^^^
  File "/home/deepartment/projects/odoo/venv/lib/python3.12/site-packages/decorator.py", line 232, in fun
    return caller(func, *(extras + args), **kw)
           ^^^^^^^^^^^^^^^^^^^^^^^^^^^^^^^^^^^^
  File "/home/deepartment/projects/odoo/odoo/tools/func.py", line 97, in locked
    return func(inst, *args, **kwargs)
           ^^^^^^^^^^^^^^^^^^^^^^^^^^^
  File "/home/deepartment/projects/odoo/odoo/modules/registry.py", line 126, in new
    registry.setup_signaling()
  File "/home/deepartment/projects/odoo/odoo/modules/registry.py", line 847, in setup_signaling
    cr.execute(SQL(
  File "/home/deepartment/projects/odoo/odoo/sql_db.py", line 357, in execute
    res = self._obj.execute(query, params)
          ^^^^^^^^^^^^^^^^^^^^^^^^^^^^^^^^
psycopg2.errors.InsufficientPrivilege: permission denied for schema public

2025-11-27 10:08:41,743 38405 INFO ? werkzeug: 127.0.0.1 - - [27/Nov/2025 10:08:41] "GET /odoo HTTP/1.1" 302 - 3 0.001 0.005
2025-11-27 10:08:41,760 38405 ERROR ? odoo.sql_db: bad query: b'CREATE SEQUENCE "base_registry_signaling" INCREMENT BY 1 START WITH 1'
ERROR: permission denied for schema public
 
2025-11-27 10:08:41,761 38405 ERROR ? odoo.modules.registry: Failed to load registry 
2025-11-27 10:08:41,761 38405 WARNING ? odoo.http: Database or registry unusable, trying without 
Traceback (most recent call last):
  File "/home/deepartment/projects/odoo/odoo/modules/registry.py", line 106, in __new__
    return cls.registries[db_name]
           ~~~~~~~~~~~~~~^^^^^^^^^
  File "/home/deepartment/projects/odoo/venv/lib/python3.12/site-packages/decorator.py", line 232, in fun
    return caller(func, *(extras + args), **kw)
           ^^^^^^^^^^^^^^^^^^^^^^^^^^^^^^^^^^^^
  File "/home/deepartment/projects/odoo/odoo/tools/func.py", line 97, in locked
    return func(inst, *args, **kwargs)
           ^^^^^^^^^^^^^^^^^^^^^^^^^^^
  File "/home/deepartment/projects/odoo/odoo/tools/lru.py", line 33, in __getitem__
    a = self.d[obj]
        ~~~~~~^^^^^
KeyError: 'odoo18'

During handling of the above exception, another exception occurred:

Traceback (most recent call last):
  File "/home/deepartment/projects/odoo/odoo/http.py", line 1690, in _open_registry
    registry = Registry(self.db)
               ^^^^^^^^^^^^^^^^^
  File "/home/deepartment/projects/odoo/odoo/modules/registry.py", line 108, in __new__
    return cls.new(db_name)
           ^^^^^^^^^^^^^^^^
  File "/home/deepartment/projects/odoo/venv/lib/python3.12/site-packages/decorator.py", line 232, in fun
    return caller(func, *(extras + args), **kw)
           ^^^^^^^^^^^^^^^^^^^^^^^^^^^^^^^^^^^^
  File "/home/deepartment/projects/odoo/odoo/tools/func.py", line 97, in locked
    return func(inst, *args, **kwargs)
           ^^^^^^^^^^^^^^^^^^^^^^^^^^^
  File "/home/deepartment/projects/odoo/odoo/modules/registry.py", line 126, in new
    registry.setup_signaling()
  File "/home/deepartment/projects/odoo/odoo/modules/registry.py", line 847, in setup_signaling
    cr.execute(SQL(
  File "/home/deepartment/projects/odoo/odoo/sql_db.py", line 357, in execute
    res = self._obj.execute(query, params)
          ^^^^^^^^^^^^^^^^^^^^^^^^^^^^^^^^
psycopg2.errors.InsufficientPrivilege: permission denied for schema public

2025-11-27 10:08:41,764 38405 INFO ? werkzeug: 127.0.0.1 - - [27/Nov/2025 10:08:41] "GET /odoo HTTP/1.1" 302 - 3 0.002 0.006
2025-11-27 10:08:41,780 38405 ERROR ? odoo.sql_db: bad query: b'CREATE SEQUENCE "base_registry_signaling" INCREMENT BY 1 START WITH 1'
ERROR: permission denied for schema public
 
2025-11-27 10:08:41,781 38405 ERROR ? odoo.modules.registry: Failed to load registry 
2025-11-27 10:08:41,781 38405 WARNING ? odoo.http: Database or registry unusable, trying without 
Traceback (most recent call last):
  File "/home/deepartment/projects/odoo/odoo/modules/registry.py", line 106, in __new__
    return cls.registries[db_name]
           ~~~~~~~~~~~~~~^^^^^^^^^
  File "/home/deepartment/projects/odoo/venv/lib/python3.12/site-packages/decorator.py", line 232, in fun
    return caller(func, *(extras + args), **kw)
           ^^^^^^^^^^^^^^^^^^^^^^^^^^^^^^^^^^^^
  File "/home/deepartment/projects/odoo/odoo/tools/func.py", line 97, in locked
    return func(inst, *args, **kwargs)
           ^^^^^^^^^^^^^^^^^^^^^^^^^^^
  File "/home/deepartment/projects/odoo/odoo/tools/lru.py", line 33, in __getitem__
    a = self.d[obj]
        ~~~~~~^^^^^
KeyError: 'odoo18'

During handling of the above exception, another exception occurred:

Traceback (most recent call last):
  File "/home/deepartment/projects/odoo/odoo/http.py", line 1690, in _open_registry
    registry = Registry(self.db)
               ^^^^^^^^^^^^^^^^^
  File "/home/deepartment/projects/odoo/odoo/modules/registry.py", line 108, in __new__
    return cls.new(db_name)
           ^^^^^^^^^^^^^^^^
  File "/home/deepartment/projects/odoo/venv/lib/python3.12/site-packages/decorator.py", line 232, in fun
    return caller(func, *(extras + args), **kw)
           ^^^^^^^^^^^^^^^^^^^^^^^^^^^^^^^^^^^^
  File "/home/deepartment/projects/odoo/odoo/tools/func.py", line 97, in locked
    return func(inst, *args, **kwargs)
           ^^^^^^^^^^^^^^^^^^^^^^^^^^^
  File "/home/deepartment/projects/odoo/odoo/modules/registry.py", line 126, in new
    registry.setup_signaling()
  File "/home/deepartment/projects/odoo/odoo/modules/registry.py", line 847, in setup_signaling
    cr.execute(SQL(
  File "/home/deepartment/projects/odoo/odoo/sql_db.py", line 357, in execute
    res = self._obj.execute(query, params)
          ^^^^^^^^^^^^^^^^^^^^^^^^^^^^^^^^
psycopg2.errors.InsufficientPrivilege: permission denied for schema public

2025-11-27 10:08:41,783 38405 INFO ? werkzeug: 127.0.0.1 - - [27/Nov/2025 10:08:41] "GET /odoo HTTP/1.1" 302 - 3 0.002 0.006
2025-11-27 10:08:41,803 38405 ERROR ? odoo.sql_db: bad query: b'CREATE SEQUENCE "base_registry_signaling" INCREMENT BY 1 START WITH 1'
ERROR: permission denied for schema public
 
2025-11-27 10:08:41,803 38405 ERROR ? odoo.modules.registry: Failed to load registry 
2025-11-27 10:08:41,803 38405 WARNING ? odoo.http: Database or registry unusable, trying without 
Traceback (most recent call last):
  File "/home/deepartment/projects/odoo/odoo/modules/registry.py", line 106, in __new__
    return cls.registries[db_name]
           ~~~~~~~~~~~~~~^^^^^^^^^
  File "/home/deepartment/projects/odoo/venv/lib/python3.12/site-packages/decorator.py", line 232, in fun
    return caller(func, *(extras + args), **kw)
           ^^^^^^^^^^^^^^^^^^^^^^^^^^^^^^^^^^^^
  File "/home/deepartment/projects/odoo/odoo/tools/func.py", line 97, in locked
    return func(inst, *args, **kwargs)
           ^^^^^^^^^^^^^^^^^^^^^^^^^^^
  File "/home/deepartment/projects/odoo/odoo/tools/lru.py", line 33, in __getitem__
    a = self.d[obj]
        ~~~~~~^^^^^
KeyError: 'odoo18'

During handling of the above exception, another exception occurred:

Traceback (most recent call last):
  File "/home/deepartment/projects/odoo/odoo/http.py", line 1690, in _open_registry
    registry = Registry(self.db)
               ^^^^^^^^^^^^^^^^^
  File "/home/deepartment/projects/odoo/odoo/modules/registry.py", line 108, in __new__
    return cls.new(db_name)
           ^^^^^^^^^^^^^^^^
  File "/home/deepartment/projects/odoo/venv/lib/python3.12/site-packages/decorator.py", line 232, in fun
    return caller(func, *(extras + args), **kw)
           ^^^^^^^^^^^^^^^^^^^^^^^^^^^^^^^^^^^^
  File "/home/deepartment/projects/odoo/odoo/tools/func.py", line 97, in locked
    return func(inst, *args, **kwargs)
           ^^^^^^^^^^^^^^^^^^^^^^^^^^^
  File "/home/deepartment/projects/odoo/odoo/modules/registry.py", line 126, in new
    registry.setup_signaling()
  File "/home/deepartment/projects/odoo/odoo/modules/registry.py", line 847, in setup_signaling
    cr.execute(SQL(
  File "/home/deepartment/projects/odoo/odoo/sql_db.py", line 357, in execute
    res = self._obj.execute(query, params)
          ^^^^^^^^^^^^^^^^^^^^^^^^^^^^^^^^
psycopg2.errors.InsufficientPrivilege: permission denied for schema public

2025-11-27 10:08:41,805 38405 INFO ? werkzeug: 127.0.0.1 - - [27/Nov/2025 10:08:41] "GET /odoo HTTP/1.1" 302 - 3 0.001 0.005
2025-11-27 10:08:41,823 38405 ERROR ? odoo.sql_db: bad query: b'CREATE SEQUENCE "base_registry_signaling" INCREMENT BY 1 START WITH 1'
ERROR: permission denied for schema public
 
2025-11-27 10:08:41,823 38405 ERROR ? odoo.modules.registry: Failed to load registry 
2025-11-27 10:08:41,823 38405 WARNING ? odoo.http: Database or registry unusable, trying without 
Traceback (most recent call last):
  File "/home/deepartment/projects/odoo/odoo/modules/registry.py", line 106, in __new__
    return cls.registries[db_name]
           ~~~~~~~~~~~~~~^^^^^^^^^
  File "/home/deepartment/projects/odoo/venv/lib/python3.12/site-packages/decorator.py", line 232, in fun
    return caller(func, *(extras + args), **kw)
           ^^^^^^^^^^^^^^^^^^^^^^^^^^^^^^^^^^^^
  File "/home/deepartment/projects/odoo/odoo/tools/func.py", line 97, in locked
    return func(inst, *args, **kwargs)
           ^^^^^^^^^^^^^^^^^^^^^^^^^^^
  File "/home/deepartment/projects/odoo/odoo/tools/lru.py", line 33, in __getitem__
    a = self.d[obj]
        ~~~~~~^^^^^
KeyError: 'odoo18'

During handling of the above exception, another exception occurred:

Traceback (most recent call last):
  File "/home/deepartment/projects/odoo/odoo/http.py", line 1690, in _open_registry
    registry = Registry(self.db)
               ^^^^^^^^^^^^^^^^^
  File "/home/deepartment/projects/odoo/odoo/modules/registry.py", line 108, in __new__
    return cls.new(db_name)
           ^^^^^^^^^^^^^^^^
  File "/home/deepartment/projects/odoo/venv/lib/python3.12/site-packages/decorator.py", line 232, in fun
    return caller(func, *(extras + args), **kw)
           ^^^^^^^^^^^^^^^^^^^^^^^^^^^^^^^^^^^^
  File "/home/deepartment/projects/odoo/odoo/tools/func.py", line 97, in locked
    return func(inst, *args, **kwargs)
           ^^^^^^^^^^^^^^^^^^^^^^^^^^^
  File "/home/deepartment/projects/odoo/odoo/modules/registry.py", line 126, in new
    registry.setup_signaling()
  File "/home/deepartment/projects/odoo/odoo/modules/registry.py", line 847, in setup_signaling
    cr.execute(SQL(
  File "/home/deepartment/projects/odoo/odoo/sql_db.py", line 357, in execute
    res = self._obj.execute(query, params)
          ^^^^^^^^^^^^^^^^^^^^^^^^^^^^^^^^
psycopg2.errors.InsufficientPrivilege: permission denied for schema public

2025-11-27 10:08:41,827 38405 INFO ? werkzeug: 127.0.0.1 - - [27/Nov/2025 10:08:41] "GET /odoo HTTP/1.1" 302 - 3 0.001 0.006
2025-11-27 10:08:41,843 38405 ERROR ? odoo.sql_db: bad query: b'CREATE SEQUENCE "base_registry_signaling" INCREMENT BY 1 START WITH 1'
ERROR: permission denied for schema public
 
2025-11-27 10:08:41,843 38405 ERROR ? odoo.modules.registry: Failed to load registry 
2025-11-27 10:08:41,844 38405 WARNING ? odoo.http: Database or registry unusable, trying without 
Traceback (most recent call last):
  File "/home/deepartment/projects/odoo/odoo/modules/registry.py", line 106, in __new__
    return cls.registries[db_name]
           ~~~~~~~~~~~~~~^^^^^^^^^
  File "/home/deepartment/projects/odoo/venv/lib/python3.12/site-packages/decorator.py", line 232, in fun
    return caller(func, *(extras + args), **kw)
           ^^^^^^^^^^^^^^^^^^^^^^^^^^^^^^^^^^^^
  File "/home/deepartment/projects/odoo/odoo/tools/func.py", line 97, in locked
    return func(inst, *args, **kwargs)
           ^^^^^^^^^^^^^^^^^^^^^^^^^^^
  File "/home/deepartment/projects/odoo/odoo/tools/lru.py", line 33, in __getitem__
    a = self.d[obj]
        ~~~~~~^^^^^
KeyError: 'odoo18'

During handling of the above exception, another exception occurred:

Traceback (most recent call last):
  File "/home/deepartment/projects/odoo/odoo/http.py", line 1690, in _open_registry
    registry = Registry(self.db)
               ^^^^^^^^^^^^^^^^^
  File "/home/deepartment/projects/odoo/odoo/modules/registry.py", line 108, in __new__
    return cls.new(db_name)
           ^^^^^^^^^^^^^^^^
  File "/home/deepartment/projects/odoo/venv/lib/python3.12/site-packages/decorator.py", line 232, in fun
    return caller(func, *(extras + args), **kw)
           ^^^^^^^^^^^^^^^^^^^^^^^^^^^^^^^^^^^^
  File "/home/deepartment/projects/odoo/odoo/tools/func.py", line 97, in locked
    return func(inst, *args, **kwargs)
           ^^^^^^^^^^^^^^^^^^^^^^^^^^^
  File "/home/deepartment/projects/odoo/odoo/modules/registry.py", line 126, in new
    registry.setup_signaling()
  File "/home/deepartment/projects/odoo/odoo/modules/registry.py", line 847, in setup_signaling
    cr.execute(SQL(
  File "/home/deepartment/projects/odoo/odoo/sql_db.py", line 357, in execute
    res = self._obj.execute(query, params)
          ^^^^^^^^^^^^^^^^^^^^^^^^^^^^^^^^
psycopg2.errors.InsufficientPrivilege: permission denied for schema public

2025-11-27 10:08:41,847 38405 INFO ? werkzeug: 127.0.0.1 - - [27/Nov/2025 10:08:41] "GET /odoo HTTP/1.1" 302 - 3 0.003 0.007
2025-11-27 10:08:41,862 38405 ERROR ? odoo.sql_db: bad query: b'CREATE SEQUENCE "base_registry_signaling" INCREMENT BY 1 START WITH 1'
ERROR: permission denied for schema public
 
2025-11-27 10:08:41,862 38405 ERROR ? odoo.modules.registry: Failed to load registry 
2025-11-27 10:08:41,862 38405 WARNING ? odoo.http: Database or registry unusable, trying without 
Traceback (most recent call last):
  File "/home/deepartment/projects/odoo/odoo/modules/registry.py", line 106, in __new__
    return cls.registries[db_name]
           ~~~~~~~~~~~~~~^^^^^^^^^
  File "/home/deepartment/projects/odoo/venv/lib/python3.12/site-packages/decorator.py", line 232, in fun
    return caller(func, *(extras + args), **kw)
           ^^^^^^^^^^^^^^^^^^^^^^^^^^^^^^^^^^^^
  File "/home/deepartment/projects/odoo/odoo/tools/func.py", line 97, in locked
    return func(inst, *args, **kwargs)
           ^^^^^^^^^^^^^^^^^^^^^^^^^^^
  File "/home/deepartment/projects/odoo/odoo/tools/lru.py", line 33, in __getitem__
    a = self.d[obj]
        ~~~~~~^^^^^
KeyError: 'odoo18'

During handling of the above exception, another exception occurred:

Traceback (most recent call last):
  File "/home/deepartment/projects/odoo/odoo/http.py", line 1690, in _open_registry
    registry = Registry(self.db)
               ^^^^^^^^^^^^^^^^^
  File "/home/deepartment/projects/odoo/odoo/modules/registry.py", line 108, in __new__
    return cls.new(db_name)
           ^^^^^^^^^^^^^^^^
  File "/home/deepartment/projects/odoo/venv/lib/python3.12/site-packages/decorator.py", line 232, in fun
    return caller(func, *(extras + args), **kw)
           ^^^^^^^^^^^^^^^^^^^^^^^^^^^^^^^^^^^^
  File "/home/deepartment/projects/odoo/odoo/tools/func.py", line 97, in locked
    return func(inst, *args, **kwargs)
           ^^^^^^^^^^^^^^^^^^^^^^^^^^^
  File "/home/deepartment/projects/odoo/odoo/modules/registry.py", line 126, in new
    registry.setup_signaling()
  File "/home/deepartment/projects/odoo/odoo/modules/registry.py", line 847, in setup_signaling
    cr.execute(SQL(
  File "/home/deepartment/projects/odoo/odoo/sql_db.py", line 357, in execute
    res = self._obj.execute(query, params)
          ^^^^^^^^^^^^^^^^^^^^^^^^^^^^^^^^
psycopg2.errors.InsufficientPrivilege: permission denied for schema public

2025-11-27 10:08:41,865 38405 INFO ? werkzeug: 127.0.0.1 - - [27/Nov/2025 10:08:41] "GET /odoo HTTP/1.1" 302 - 3 0.001 0.005
2025-11-27 10:08:42,369 38405 ERROR ? odoo.sql_db: bad query: b'CREATE SEQUENCE "base_registry_signaling" INCREMENT BY 1 START WITH 1'
ERROR: permission denied for schema public
 
2025-11-27 10:08:42,370 38405 ERROR ? odoo.modules.registry: Failed to load registry 
2025-11-27 10:08:42,370 38405 WARNING ? odoo.http: Database or registry unusable, trying without 
Traceback (most recent call last):
  File "/home/deepartment/projects/odoo/odoo/modules/registry.py", line 106, in __new__
    return cls.registries[db_name]
           ~~~~~~~~~~~~~~^^^^^^^^^
  File "/home/deepartment/projects/odoo/venv/lib/python3.12/site-packages/decorator.py", line 232, in fun
    return caller(func, *(extras + args), **kw)
           ^^^^^^^^^^^^^^^^^^^^^^^^^^^^^^^^^^^^
  File "/home/deepartment/projects/odoo/odoo/tools/func.py", line 97, in locked
    return func(inst, *args, **kwargs)
           ^^^^^^^^^^^^^^^^^^^^^^^^^^^
  File "/home/deepartment/projects/odoo/odoo/tools/lru.py", line 33, in __getitem__
    a = self.d[obj]
        ~~~~~~^^^^^
KeyError: 'odoo18'

During handling of the above exception, another exception occurred:

Traceback (most recent call last):
  File "/home/deepartment/projects/odoo/odoo/http.py", line 1690, in _open_registry
    registry = Registry(self.db)
               ^^^^^^^^^^^^^^^^^
  File "/home/deepartment/projects/odoo/odoo/modules/registry.py", line 108, in __new__
    return cls.new(db_name)
           ^^^^^^^^^^^^^^^^
  File "/home/deepartment/projects/odoo/venv/lib/python3.12/site-packages/decorator.py", line 232, in fun
    return caller(func, *(extras + args), **kw)
           ^^^^^^^^^^^^^^^^^^^^^^^^^^^^^^^^^^^^
  File "/home/deepartment/projects/odoo/odoo/tools/func.py", line 97, in locked
    return func(inst, *args, **kwargs)
           ^^^^^^^^^^^^^^^^^^^^^^^^^^^
  File "/home/deepartment/projects/odoo/odoo/modules/registry.py", line 126, in new
    registry.setup_signaling()
  File "/home/deepartment/projects/odoo/odoo/modules/registry.py", line 847, in setup_signaling
    cr.execute(SQL(
  File "/home/deepartment/projects/odoo/odoo/sql_db.py", line 357, in execute
    res = self._obj.execute(query, params)
          ^^^^^^^^^^^^^^^^^^^^^^^^^^^^^^^^
psycopg2.errors.InsufficientPrivilege: permission denied for schema public

2025-11-27 10:08:42,377 38405 INFO ? werkzeug: 127.0.0.1 - - [27/Nov/2025 10:08:42] "GET /web/service-worker.js HTTP/1.1" 404 - 3 0.003 0.012
2025-11-27 10:08:43,405 38405 ERROR ? odoo.sql_db: bad query: b'CREATE SEQUENCE "base_registry_signaling" INCREMENT BY 1 START WITH 1'
ERROR: permission denied for schema public
 
2025-11-27 10:08:43,405 38405 ERROR ? odoo.modules.registry: Failed to load registry 
2025-11-27 10:08:43,406 38405 WARNING ? odoo.http: Database or registry unusable, trying without 
Traceback (most recent call last):
  File "/home/deepartment/projects/odoo/odoo/modules/registry.py", line 106, in __new__
    return cls.registries[db_name]
           ~~~~~~~~~~~~~~^^^^^^^^^
  File "/home/deepartment/projects/odoo/venv/lib/python3.12/site-packages/decorator.py", line 232, in fun
    return caller(func, *(extras + args), **kw)
           ^^^^^^^^^^^^^^^^^^^^^^^^^^^^^^^^^^^^
  File "/home/deepartment/projects/odoo/odoo/tools/func.py", line 97, in locked
    return func(inst, *args, **kwargs)
           ^^^^^^^^^^^^^^^^^^^^^^^^^^^
  File "/home/deepartment/projects/odoo/odoo/tools/lru.py", line 33, in __getitem__
    a = self.d[obj]
        ~~~~~~^^^^^
KeyError: 'odoo18'

During handling of the above exception, another exception occurred:

Traceback (most recent call last):
  File "/home/deepartment/projects/odoo/odoo/http.py", line 1690, in _open_registry
    registry = Registry(self.db)
               ^^^^^^^^^^^^^^^^^
  File "/home/deepartment/projects/odoo/odoo/modules/registry.py", line 108, in __new__
    return cls.new(db_name)
           ^^^^^^^^^^^^^^^^
  File "/home/deepartment/projects/odoo/venv/lib/python3.12/site-packages/decorator.py", line 232, in fun
    return caller(func, *(extras + args), **kw)
           ^^^^^^^^^^^^^^^^^^^^^^^^^^^^^^^^^^^^
  File "/home/deepartment/projects/odoo/odoo/tools/func.py", line 97, in locked
    return func(inst, *args, **kwargs)
           ^^^^^^^^^^^^^^^^^^^^^^^^^^^
  File "/home/deepartment/projects/odoo/odoo/modules/registry.py", line 126, in new
    registry.setup_signaling()
  File "/home/deepartment/projects/odoo/odoo/modules/registry.py", line 847, in setup_signaling
    cr.execute(SQL(
  File "/home/deepartment/projects/odoo/odoo/sql_db.py", line 357, in execute
    res = self._obj.execute(query, params)
          ^^^^^^^^^^^^^^^^^^^^^^^^^^^^^^^^
psycopg2.errors.InsufficientPrivilege: permission denied for schema public

2025-11-27 10:08:43,411 38405 INFO ? werkzeug: 127.0.0.1 - - [27/Nov/2025 10:08:43] "GET /odoo HTTP/1.1" 302 - 3 0.002 0.009
2025-11-27 10:08:43,482 38405 ERROR ? odoo.sql_db: bad query: b'CREATE SEQUENCE "base_registry_signaling" INCREMENT BY 1 START WITH 1'
ERROR: permission denied for schema public
 
2025-11-27 10:08:43,483 38405 ERROR ? odoo.modules.registry: Failed to load registry 
2025-11-27 10:08:43,483 38405 WARNING ? odoo.http: Database or registry unusable, trying without 
Traceback (most recent call last):
  File "/home/deepartment/projects/odoo/odoo/modules/registry.py", line 106, in __new__
    return cls.registries[db_name]
           ~~~~~~~~~~~~~~^^^^^^^^^
  File "/home/deepartment/projects/odoo/venv/lib/python3.12/site-packages/decorator.py", line 232, in fun
    return caller(func, *(extras + args), **kw)
           ^^^^^^^^^^^^^^^^^^^^^^^^^^^^^^^^^^^^
  File "/home/deepartment/projects/odoo/odoo/tools/func.py", line 97, in locked
    return func(inst, *args, **kwargs)
           ^^^^^^^^^^^^^^^^^^^^^^^^^^^
  File "/home/deepartment/projects/odoo/odoo/tools/lru.py", line 33, in __getitem__
    a = self.d[obj]
        ~~~~~~^^^^^
KeyError: 'odoo18'

During handling of the above exception, another exception occurred:

Traceback (most recent call last):
  File "/home/deepartment/projects/odoo/odoo/http.py", line 1690, in _open_registry
    registry = Registry(self.db)
               ^^^^^^^^^^^^^^^^^
  File "/home/deepartment/projects/odoo/odoo/modules/registry.py", line 108, in __new__
    return cls.new(db_name)
           ^^^^^^^^^^^^^^^^
  File "/home/deepartment/projects/odoo/venv/lib/python3.12/site-packages/decorator.py", line 232, in fun
    return caller(func, *(extras + args), **kw)
           ^^^^^^^^^^^^^^^^^^^^^^^^^^^^^^^^^^^^
  File "/home/deepartment/projects/odoo/odoo/tools/func.py", line 97, in locked
    return func(inst, *args, **kwargs)
           ^^^^^^^^^^^^^^^^^^^^^^^^^^^
  File "/home/deepartment/projects/odoo/odoo/modules/registry.py", line 126, in new
    registry.setup_signaling()
  File "/home/deepartment/projects/odoo/odoo/modules/registry.py", line 847, in setup_signaling
    cr.execute(SQL(
  File "/home/deepartment/projects/odoo/odoo/sql_db.py", line 357, in execute
    res = self._obj.execute(query, params)
          ^^^^^^^^^^^^^^^^^^^^^^^^^^^^^^^^
psycopg2.errors.InsufficientPrivilege: permission denied for schema public

2025-11-27 10:08:43,487 38405 INFO ? werkzeug: 127.0.0.1 - - [27/Nov/2025 10:08:43] "GET /odoo HTTP/1.1" 302 - 3 0.002 0.007
2025-11-27 10:08:43,506 38405 ERROR ? odoo.sql_db: bad query: b'CREATE SEQUENCE "base_registry_signaling" INCREMENT BY 1 START WITH 1'
ERROR: permission denied for schema public
 
2025-11-27 10:08:43,507 38405 ERROR ? odoo.modules.registry: Failed to load registry 
2025-11-27 10:08:43,508 38405 WARNING ? odoo.http: Database or registry unusable, trying without 
Traceback (most recent call last):
  File "/home/deepartment/projects/odoo/odoo/modules/registry.py", line 106, in __new__
    return cls.registries[db_name]
           ~~~~~~~~~~~~~~^^^^^^^^^
  File "/home/deepartment/projects/odoo/venv/lib/python3.12/site-packages/decorator.py", line 232, in fun
    return caller(func, *(extras + args), **kw)
           ^^^^^^^^^^^^^^^^^^^^^^^^^^^^^^^^^^^^
  File "/home/deepartment/projects/odoo/odoo/tools/func.py", line 97, in locked
    return func(inst, *args, **kwargs)
           ^^^^^^^^^^^^^^^^^^^^^^^^^^^
  File "/home/deepartment/projects/odoo/odoo/tools/lru.py", line 33, in __getitem__
    a = self.d[obj]
        ~~~~~~^^^^^
KeyError: 'odoo18'

During handling of the above exception, another exception occurred:

Traceback (most recent call last):
  File "/home/deepartment/projects/odoo/odoo/http.py", line 1690, in _open_registry
    registry = Registry(self.db)
               ^^^^^^^^^^^^^^^^^
  File "/home/deepartment/projects/odoo/odoo/modules/registry.py", line 108, in __new__
    return cls.new(db_name)
           ^^^^^^^^^^^^^^^^
  File "/home/deepartment/projects/odoo/venv/lib/python3.12/site-packages/decorator.py", line 232, in fun
    return caller(func, *(extras + args), **kw)
           ^^^^^^^^^^^^^^^^^^^^^^^^^^^^^^^^^^^^
  File "/home/deepartment/projects/odoo/odoo/tools/func.py", line 97, in locked
    return func(inst, *args, **kwargs)
           ^^^^^^^^^^^^^^^^^^^^^^^^^^^
  File "/home/deepartment/projects/odoo/odoo/modules/registry.py", line 126, in new
    registry.setup_signaling()
  File "/home/deepartment/projects/odoo/odoo/modules/registry.py", line 847, in setup_signaling
    cr.execute(SQL(
  File "/home/deepartment/projects/odoo/odoo/sql_db.py", line 357, in execute
    res = self._obj.execute(query, params)
          ^^^^^^^^^^^^^^^^^^^^^^^^^^^^^^^^
psycopg2.errors.InsufficientPrivilege: permission denied for schema public

2025-11-27 10:08:43,511 38405 INFO ? werkzeug: 127.0.0.1 - - [27/Nov/2025 10:08:43] "GET /odoo HTTP/1.1" 302 - 3 0.002 0.007
2025-11-27 10:08:43,529 38405 ERROR ? odoo.sql_db: bad query: b'CREATE SEQUENCE "base_registry_signaling" INCREMENT BY 1 START WITH 1'
ERROR: permission denied for schema public
 
2025-11-27 10:08:43,530 38405 ERROR ? odoo.modules.registry: Failed to load registry 
2025-11-27 10:08:43,530 38405 WARNING ? odoo.http: Database or registry unusable, trying without 
Traceback (most recent call last):
  File "/home/deepartment/projects/odoo/odoo/modules/registry.py", line 106, in __new__
    return cls.registries[db_name]
           ~~~~~~~~~~~~~~^^^^^^^^^
  File "/home/deepartment/projects/odoo/venv/lib/python3.12/site-packages/decorator.py", line 232, in fun
    return caller(func, *(extras + args), **kw)
           ^^^^^^^^^^^^^^^^^^^^^^^^^^^^^^^^^^^^
  File "/home/deepartment/projects/odoo/odoo/tools/func.py", line 97, in locked
    return func(inst, *args, **kwargs)
           ^^^^^^^^^^^^^^^^^^^^^^^^^^^
  File "/home/deepartment/projects/odoo/odoo/tools/lru.py", line 33, in __getitem__
    a = self.d[obj]
        ~~~~~~^^^^^
KeyError: 'odoo18'

During handling of the above exception, another exception occurred:

Traceback (most recent call last):
  File "/home/deepartment/projects/odoo/odoo/http.py", line 1690, in _open_registry
    registry = Registry(self.db)
               ^^^^^^^^^^^^^^^^^
  File "/home/deepartment/projects/odoo/odoo/modules/registry.py", line 108, in __new__
    return cls.new(db_name)
           ^^^^^^^^^^^^^^^^
  File "/home/deepartment/projects/odoo/venv/lib/python3.12/site-packages/decorator.py", line 232, in fun
    return caller(func, *(extras + args), **kw)
           ^^^^^^^^^^^^^^^^^^^^^^^^^^^^^^^^^^^^
  File "/home/deepartment/projects/odoo/odoo/tools/func.py", line 97, in locked
    return func(inst, *args, **kwargs)
           ^^^^^^^^^^^^^^^^^^^^^^^^^^^
  File "/home/deepartment/projects/odoo/odoo/modules/registry.py", line 126, in new
    registry.setup_signaling()
  File "/home/deepartment/projects/odoo/odoo/modules/registry.py", line 847, in setup_signaling
    cr.execute(SQL(
  File "/home/deepartment/projects/odoo/odoo/sql_db.py", line 357, in execute
    res = self._obj.execute(query, params)
          ^^^^^^^^^^^^^^^^^^^^^^^^^^^^^^^^
psycopg2.errors.InsufficientPrivilege: permission denied for schema public

2025-11-27 10:08:43,532 38405 INFO ? werkzeug: 127.0.0.1 - - [27/Nov/2025 10:08:43] "GET /odoo HTTP/1.1" 302 - 3 0.002 0.005
2025-11-27 10:08:43,549 38405 ERROR ? odoo.sql_db: bad query: b'CREATE SEQUENCE "base_registry_signaling" INCREMENT BY 1 START WITH 1'
ERROR: permission denied for schema public
 
2025-11-27 10:08:43,550 38405 ERROR ? odoo.modules.registry: Failed to load registry 
2025-11-27 10:08:43,550 38405 WARNING ? odoo.http: Database or registry unusable, trying without 
Traceback (most recent call last):
  File "/home/deepartment/projects/odoo/odoo/modules/registry.py", line 106, in __new__
    return cls.registries[db_name]
           ~~~~~~~~~~~~~~^^^^^^^^^
  File "/home/deepartment/projects/odoo/venv/lib/python3.12/site-packages/decorator.py", line 232, in fun
    return caller(func, *(extras + args), **kw)
           ^^^^^^^^^^^^^^^^^^^^^^^^^^^^^^^^^^^^
  File "/home/deepartment/projects/odoo/odoo/tools/func.py", line 97, in locked
    return func(inst, *args, **kwargs)
           ^^^^^^^^^^^^^^^^^^^^^^^^^^^
  File "/home/deepartment/projects/odoo/odoo/tools/lru.py", line 33, in __getitem__
    a = self.d[obj]
        ~~~~~~^^^^^
KeyError: 'odoo18'

During handling of the above exception, another exception occurred:

Traceback (most recent call last):
  File "/home/deepartment/projects/odoo/odoo/http.py", line 1690, in _open_registry
    registry = Registry(self.db)
               ^^^^^^^^^^^^^^^^^
  File "/home/deepartment/projects/odoo/odoo/modules/registry.py", line 108, in __new__
    return cls.new(db_name)
           ^^^^^^^^^^^^^^^^
  File "/home/deepartment/projects/odoo/venv/lib/python3.12/site-packages/decorator.py", line 232, in fun
    return caller(func, *(extras + args), **kw)
           ^^^^^^^^^^^^^^^^^^^^^^^^^^^^^^^^^^^^
  File "/home/deepartment/projects/odoo/odoo/tools/func.py", line 97, in locked
    return func(inst, *args, **kwargs)
           ^^^^^^^^^^^^^^^^^^^^^^^^^^^
  File "/home/deepartment/projects/odoo/odoo/modules/registry.py", line 126, in new
    registry.setup_signaling()
  File "/home/deepartment/projects/odoo/odoo/modules/registry.py", line 847, in setup_signaling
    cr.execute(SQL(
  File "/home/deepartment/projects/odoo/odoo/sql_db.py", line 357, in execute
    res = self._obj.execute(query, params)
          ^^^^^^^^^^^^^^^^^^^^^^^^^^^^^^^^
psycopg2.errors.InsufficientPrivilege: permission denied for schema public

2025-11-27 10:08:43,555 38405 INFO ? werkzeug: 127.0.0.1 - - [27/Nov/2025 10:08:43] "GET /odoo HTTP/1.1" 302 - 3 0.001 0.007
2025-11-27 10:08:43,575 38405 ERROR ? odoo.sql_db: bad query: b'CREATE SEQUENCE "base_registry_signaling" INCREMENT BY 1 START WITH 1'
ERROR: permission denied for schema public
 
2025-11-27 10:08:43,575 38405 ERROR ? odoo.modules.registry: Failed to load registry 
2025-11-27 10:08:43,575 38405 WARNING ? odoo.http: Database or registry unusable, trying without 
Traceback (most recent call last):
  File "/home/deepartment/projects/odoo/odoo/modules/registry.py", line 106, in __new__
    return cls.registries[db_name]
           ~~~~~~~~~~~~~~^^^^^^^^^
  File "/home/deepartment/projects/odoo/venv/lib/python3.12/site-packages/decorator.py", line 232, in fun
    return caller(func, *(extras + args), **kw)
           ^^^^^^^^^^^^^^^^^^^^^^^^^^^^^^^^^^^^
  File "/home/deepartment/projects/odoo/odoo/tools/func.py", line 97, in locked
    return func(inst, *args, **kwargs)
           ^^^^^^^^^^^^^^^^^^^^^^^^^^^
  File "/home/deepartment/projects/odoo/odoo/tools/lru.py", line 33, in __getitem__
    a = self.d[obj]
        ~~~~~~^^^^^
KeyError: 'odoo18'

During handling of the above exception, another exception occurred:

Traceback (most recent call last):
  File "/home/deepartment/projects/odoo/odoo/http.py", line 1690, in _open_registry
    registry = Registry(self.db)
               ^^^^^^^^^^^^^^^^^
  File "/home/deepartment/projects/odoo/odoo/modules/registry.py", line 108, in __new__
    return cls.new(db_name)
           ^^^^^^^^^^^^^^^^
  File "/home/deepartment/projects/odoo/venv/lib/python3.12/site-packages/decorator.py", line 232, in fun
    return caller(func, *(extras + args), **kw)
           ^^^^^^^^^^^^^^^^^^^^^^^^^^^^^^^^^^^^
  File "/home/deepartment/projects/odoo/odoo/tools/func.py", line 97, in locked
    return func(inst, *args, **kwargs)
           ^^^^^^^^^^^^^^^^^^^^^^^^^^^
  File "/home/deepartment/projects/odoo/odoo/modules/registry.py", line 126, in new
    registry.setup_signaling()
  File "/home/deepartment/projects/odoo/odoo/modules/registry.py", line 847, in setup_signaling
    cr.execute(SQL(
  File "/home/deepartment/projects/odoo/odoo/sql_db.py", line 357, in execute
    res = self._obj.execute(query, params)
          ^^^^^^^^^^^^^^^^^^^^^^^^^^^^^^^^
psycopg2.errors.InsufficientPrivilege: permission denied for schema public

2025-11-27 10:08:43,577 38405 INFO ? werkzeug: 127.0.0.1 - - [27/Nov/2025 10:08:43] "GET /odoo HTTP/1.1" 302 - 3 0.001 0.005
2025-11-27 10:08:43,598 38405 ERROR ? odoo.sql_db: bad query: b'CREATE SEQUENCE "base_registry_signaling" INCREMENT BY 1 START WITH 1'
ERROR: permission denied for schema public
 
2025-11-27 10:08:43,599 38405 ERROR ? odoo.modules.registry: Failed to load registry 
2025-11-27 10:08:43,599 38405 WARNING ? odoo.http: Database or registry unusable, trying without 
Traceback (most recent call last):
  File "/home/deepartment/projects/odoo/odoo/modules/registry.py", line 106, in __new__
    return cls.registries[db_name]
           ~~~~~~~~~~~~~~^^^^^^^^^
  File "/home/deepartment/projects/odoo/venv/lib/python3.12/site-packages/decorator.py", line 232, in fun
    return caller(func, *(extras + args), **kw)
           ^^^^^^^^^^^^^^^^^^^^^^^^^^^^^^^^^^^^
  File "/home/deepartment/projects/odoo/odoo/tools/func.py", line 97, in locked
    return func(inst, *args, **kwargs)
           ^^^^^^^^^^^^^^^^^^^^^^^^^^^
  File "/home/deepartment/projects/odoo/odoo/tools/lru.py", line 33, in __getitem__
    a = self.d[obj]
        ~~~~~~^^^^^
KeyError: 'odoo18'

During handling of the above exception, another exception occurred:

Traceback (most recent call last):
  File "/home/deepartment/projects/odoo/odoo/http.py", line 1690, in _open_registry
    registry = Registry(self.db)
               ^^^^^^^^^^^^^^^^^
  File "/home/deepartment/projects/odoo/odoo/modules/registry.py", line 108, in __new__
    return cls.new(db_name)
           ^^^^^^^^^^^^^^^^
  File "/home/deepartment/projects/odoo/venv/lib/python3.12/site-packages/decorator.py", line 232, in fun
    return caller(func, *(extras + args), **kw)
           ^^^^^^^^^^^^^^^^^^^^^^^^^^^^^^^^^^^^
  File "/home/deepartment/projects/odoo/odoo/tools/func.py", line 97, in locked
    return func(inst, *args, **kwargs)
           ^^^^^^^^^^^^^^^^^^^^^^^^^^^
  File "/home/deepartment/projects/odoo/odoo/modules/registry.py", line 126, in new
    registry.setup_signaling()
  File "/home/deepartment/projects/odoo/odoo/modules/registry.py", line 847, in setup_signaling
    cr.execute(SQL(
  File "/home/deepartment/projects/odoo/odoo/sql_db.py", line 357, in execute
    res = self._obj.execute(query, params)
          ^^^^^^^^^^^^^^^^^^^^^^^^^^^^^^^^
psycopg2.errors.InsufficientPrivilege: permission denied for schema public

2025-11-27 10:08:43,602 38405 INFO ? werkzeug: 127.0.0.1 - - [27/Nov/2025 10:08:43] "GET /odoo HTTP/1.1" 302 - 3 0.002 0.007
2025-11-27 10:08:43,621 38405 ERROR ? odoo.sql_db: bad query: b'CREATE SEQUENCE "base_registry_signaling" INCREMENT BY 1 START WITH 1'
ERROR: permission denied for schema public
 
2025-11-27 10:08:43,622 38405 ERROR ? odoo.modules.registry: Failed to load registry 
2025-11-27 10:08:43,622 38405 WARNING ? odoo.http: Database or registry unusable, trying without 
Traceback (most recent call last):
  File "/home/deepartment/projects/odoo/odoo/modules/registry.py", line 106, in __new__
    return cls.registries[db_name]
           ~~~~~~~~~~~~~~^^^^^^^^^
  File "/home/deepartment/projects/odoo/venv/lib/python3.12/site-packages/decorator.py", line 232, in fun
    return caller(func, *(extras + args), **kw)
           ^^^^^^^^^^^^^^^^^^^^^^^^^^^^^^^^^^^^
  File "/home/deepartment/projects/odoo/odoo/tools/func.py", line 97, in locked
    return func(inst, *args, **kwargs)
           ^^^^^^^^^^^^^^^^^^^^^^^^^^^
  File "/home/deepartment/projects/odoo/odoo/tools/lru.py", line 33, in __getitem__
    a = self.d[obj]
        ~~~~~~^^^^^
KeyError: 'odoo18'

During handling of the above exception, another exception occurred:

Traceback (most recent call last):
  File "/home/deepartment/projects/odoo/odoo/http.py", line 1690, in _open_registry
    registry = Registry(self.db)
               ^^^^^^^^^^^^^^^^^
  File "/home/deepartment/projects/odoo/odoo/modules/registry.py", line 108, in __new__
    return cls.new(db_name)
           ^^^^^^^^^^^^^^^^
  File "/home/deepartment/projects/odoo/venv/lib/python3.12/site-packages/decorator.py", line 232, in fun
    return caller(func, *(extras + args), **kw)
           ^^^^^^^^^^^^^^^^^^^^^^^^^^^^^^^^^^^^
  File "/home/deepartment/projects/odoo/odoo/tools/func.py", line 97, in locked
    return func(inst, *args, **kwargs)
           ^^^^^^^^^^^^^^^^^^^^^^^^^^^
  File "/home/deepartment/projects/odoo/odoo/modules/registry.py", line 126, in new
    registry.setup_signaling()
  File "/home/deepartment/projects/odoo/odoo/modules/registry.py", line 847, in setup_signaling
    cr.execute(SQL(
  File "/home/deepartment/projects/odoo/odoo/sql_db.py", line 357, in execute
    res = self._obj.execute(query, params)
          ^^^^^^^^^^^^^^^^^^^^^^^^^^^^^^^^
psycopg2.errors.InsufficientPrivilege: permission denied for schema public

2025-11-27 10:08:43,624 38405 INFO ? werkzeug: 127.0.0.1 - - [27/Nov/2025 10:08:43] "GET /odoo HTTP/1.1" 302 - 3 0.001 0.005
2025-11-27 10:08:43,640 38405 ERROR ? odoo.sql_db: bad query: b'CREATE SEQUENCE "base_registry_signaling" INCREMENT BY 1 START WITH 1'
ERROR: permission denied for schema public
 
2025-11-27 10:08:43,640 38405 ERROR ? odoo.modules.registry: Failed to load registry 
2025-11-27 10:08:43,641 38405 WARNING ? odoo.http: Database or registry unusable, trying without 
Traceback (most recent call last):
  File "/home/deepartment/projects/odoo/odoo/modules/registry.py", line 106, in __new__
    return cls.registries[db_name]
           ~~~~~~~~~~~~~~^^^^^^^^^
  File "/home/deepartment/projects/odoo/venv/lib/python3.12/site-packages/decorator.py", line 232, in fun
    return caller(func, *(extras + args), **kw)
           ^^^^^^^^^^^^^^^^^^^^^^^^^^^^^^^^^^^^
  File "/home/deepartment/projects/odoo/odoo/tools/func.py", line 97, in locked
    return func(inst, *args, **kwargs)
           ^^^^^^^^^^^^^^^^^^^^^^^^^^^
  File "/home/deepartment/projects/odoo/odoo/tools/lru.py", line 33, in __getitem__
    a = self.d[obj]
        ~~~~~~^^^^^
KeyError: 'odoo18'

During handling of the above exception, another exception occurred:

Traceback (most recent call last):
  File "/home/deepartment/projects/odoo/odoo/http.py", line 1690, in _open_registry
    registry = Registry(self.db)
               ^^^^^^^^^^^^^^^^^
  File "/home/deepartment/projects/odoo/odoo/modules/registry.py", line 108, in __new__
    return cls.new(db_name)
           ^^^^^^^^^^^^^^^^
  File "/home/deepartment/projects/odoo/venv/lib/python3.12/site-packages/decorator.py", line 232, in fun
    return caller(func, *(extras + args), **kw)
           ^^^^^^^^^^^^^^^^^^^^^^^^^^^^^^^^^^^^
  File "/home/deepartment/projects/odoo/odoo/tools/func.py", line 97, in locked
    return func(inst, *args, **kwargs)
           ^^^^^^^^^^^^^^^^^^^^^^^^^^^
  File "/home/deepartment/projects/odoo/odoo/modules/registry.py", line 126, in new
    registry.setup_signaling()
  File "/home/deepartment/projects/odoo/odoo/modules/registry.py", line 847, in setup_signaling
    cr.execute(SQL(
  File "/home/deepartment/projects/odoo/odoo/sql_db.py", line 357, in execute
    res = self._obj.execute(query, params)
          ^^^^^^^^^^^^^^^^^^^^^^^^^^^^^^^^
psycopg2.errors.InsufficientPrivilege: permission denied for schema public

2025-11-27 10:08:43,646 38405 INFO ? werkzeug: 127.0.0.1 - - [27/Nov/2025 10:08:43] "GET /odoo HTTP/1.1" 302 - 3 0.001 0.008
2025-11-27 10:08:43,663 38405 ERROR ? odoo.sql_db: bad query: b'CREATE SEQUENCE "base_registry_signaling" INCREMENT BY 1 START WITH 1'
ERROR: permission denied for schema public
 
2025-11-27 10:08:43,663 38405 ERROR ? odoo.modules.registry: Failed to load registry 
2025-11-27 10:08:43,664 38405 WARNING ? odoo.http: Database or registry unusable, trying without 
Traceback (most recent call last):
  File "/home/deepartment/projects/odoo/odoo/modules/registry.py", line 106, in __new__
    return cls.registries[db_name]
           ~~~~~~~~~~~~~~^^^^^^^^^
  File "/home/deepartment/projects/odoo/venv/lib/python3.12/site-packages/decorator.py", line 232, in fun
    return caller(func, *(extras + args), **kw)
           ^^^^^^^^^^^^^^^^^^^^^^^^^^^^^^^^^^^^
  File "/home/deepartment/projects/odoo/odoo/tools/func.py", line 97, in locked
    return func(inst, *args, **kwargs)
           ^^^^^^^^^^^^^^^^^^^^^^^^^^^
  File "/home/deepartment/projects/odoo/odoo/tools/lru.py", line 33, in __getitem__
    a = self.d[obj]
        ~~~~~~^^^^^
KeyError: 'odoo18'

During handling of the above exception, another exception occurred:

Traceback (most recent call last):
  File "/home/deepartment/projects/odoo/odoo/http.py", line 1690, in _open_registry
    registry = Registry(self.db)
               ^^^^^^^^^^^^^^^^^
  File "/home/deepartment/projects/odoo/odoo/modules/registry.py", line 108, in __new__
    return cls.new(db_name)
           ^^^^^^^^^^^^^^^^
  File "/home/deepartment/projects/odoo/venv/lib/python3.12/site-packages/decorator.py", line 232, in fun
    return caller(func, *(extras + args), **kw)
           ^^^^^^^^^^^^^^^^^^^^^^^^^^^^^^^^^^^^
  File "/home/deepartment/projects/odoo/odoo/tools/func.py", line 97, in locked
    return func(inst, *args, **kwargs)
           ^^^^^^^^^^^^^^^^^^^^^^^^^^^
  File "/home/deepartment/projects/odoo/odoo/modules/registry.py", line 126, in new
    registry.setup_signaling()
  File "/home/deepartment/projects/odoo/odoo/modules/registry.py", line 847, in setup_signaling
    cr.execute(SQL(
  File "/home/deepartment/projects/odoo/odoo/sql_db.py", line 357, in execute
    res = self._obj.execute(query, params)
          ^^^^^^^^^^^^^^^^^^^^^^^^^^^^^^^^
psycopg2.errors.InsufficientPrivilege: permission denied for schema public

2025-11-27 10:08:43,666 38405 INFO ? werkzeug: 127.0.0.1 - - [27/Nov/2025 10:08:43] "GET /odoo HTTP/1.1" 302 - 3 0.001 0.008
2025-11-27 10:08:43,681 38405 ERROR ? odoo.sql_db: bad query: b'CREATE SEQUENCE "base_registry_signaling" INCREMENT BY 1 START WITH 1'
ERROR: permission denied for schema public
 
2025-11-27 10:08:43,681 38405 ERROR ? odoo.modules.registry: Failed to load registry 
2025-11-27 10:08:43,681 38405 WARNING ? odoo.http: Database or registry unusable, trying without 
Traceback (most recent call last):
  File "/home/deepartment/projects/odoo/odoo/modules/registry.py", line 106, in __new__
    return cls.registries[db_name]
           ~~~~~~~~~~~~~~^^^^^^^^^
  File "/home/deepartment/projects/odoo/venv/lib/python3.12/site-packages/decorator.py", line 232, in fun
    return caller(func, *(extras + args), **kw)
           ^^^^^^^^^^^^^^^^^^^^^^^^^^^^^^^^^^^^
  File "/home/deepartment/projects/odoo/odoo/tools/func.py", line 97, in locked
    return func(inst, *args, **kwargs)
           ^^^^^^^^^^^^^^^^^^^^^^^^^^^
  File "/home/deepartment/projects/odoo/odoo/tools/lru.py", line 33, in __getitem__
    a = self.d[obj]
        ~~~~~~^^^^^
KeyError: 'odoo18'

During handling of the above exception, another exception occurred:

Traceback (most recent call last):
  File "/home/deepartment/projects/odoo/odoo/http.py", line 1690, in _open_registry
    registry = Registry(self.db)
               ^^^^^^^^^^^^^^^^^
  File "/home/deepartment/projects/odoo/odoo/modules/registry.py", line 108, in __new__
    return cls.new(db_name)
           ^^^^^^^^^^^^^^^^
  File "/home/deepartment/projects/odoo/venv/lib/python3.12/site-packages/decorator.py", line 232, in fun
    return caller(func, *(extras + args), **kw)
           ^^^^^^^^^^^^^^^^^^^^^^^^^^^^^^^^^^^^
  File "/home/deepartment/projects/odoo/odoo/tools/func.py", line 97, in locked
    return func(inst, *args, **kwargs)
           ^^^^^^^^^^^^^^^^^^^^^^^^^^^
  File "/home/deepartment/projects/odoo/odoo/modules/registry.py", line 126, in new
    registry.setup_signaling()
  File "/home/deepartment/projects/odoo/odoo/modules/registry.py", line 847, in setup_signaling
    cr.execute(SQL(
  File "/home/deepartment/projects/odoo/odoo/sql_db.py", line 357, in execute
    res = self._obj.execute(query, params)
          ^^^^^^^^^^^^^^^^^^^^^^^^^^^^^^^^
psycopg2.errors.InsufficientPrivilege: permission denied for schema public

2025-11-27 10:08:43,684 38405 INFO ? werkzeug: 127.0.0.1 - - [27/Nov/2025 10:08:43] "GET /odoo HTTP/1.1" 302 - 3 0.001 0.005
2025-11-27 10:08:43,701 38405 ERROR ? odoo.sql_db: bad query: b'CREATE SEQUENCE "base_registry_signaling" INCREMENT BY 1 START WITH 1'
ERROR: permission denied for schema public
 
2025-11-27 10:08:43,701 38405 ERROR ? odoo.modules.registry: Failed to load registry 
2025-11-27 10:08:43,701 38405 WARNING ? odoo.http: Database or registry unusable, trying without 
Traceback (most recent call last):
  File "/home/deepartment/projects/odoo/odoo/modules/registry.py", line 106, in __new__
    return cls.registries[db_name]
           ~~~~~~~~~~~~~~^^^^^^^^^
  File "/home/deepartment/projects/odoo/venv/lib/python3.12/site-packages/decorator.py", line 232, in fun
    return caller(func, *(extras + args), **kw)
           ^^^^^^^^^^^^^^^^^^^^^^^^^^^^^^^^^^^^
  File "/home/deepartment/projects/odoo/odoo/tools/func.py", line 97, in locked
    return func(inst, *args, **kwargs)
           ^^^^^^^^^^^^^^^^^^^^^^^^^^^
  File "/home/deepartment/projects/odoo/odoo/tools/lru.py", line 33, in __getitem__
    a = self.d[obj]
        ~~~~~~^^^^^
KeyError: 'odoo18'

During handling of the above exception, another exception occurred:

Traceback (most recent call last):
  File "/home/deepartment/projects/odoo/odoo/http.py", line 1690, in _open_registry
    registry = Registry(self.db)
               ^^^^^^^^^^^^^^^^^
  File "/home/deepartment/projects/odoo/odoo/modules/registry.py", line 108, in __new__
    return cls.new(db_name)
           ^^^^^^^^^^^^^^^^
  File "/home/deepartment/projects/odoo/venv/lib/python3.12/site-packages/decorator.py", line 232, in fun
    return caller(func, *(extras + args), **kw)
           ^^^^^^^^^^^^^^^^^^^^^^^^^^^^^^^^^^^^
  File "/home/deepartment/projects/odoo/odoo/tools/func.py", line 97, in locked
    return func(inst, *args, **kwargs)
           ^^^^^^^^^^^^^^^^^^^^^^^^^^^
  File "/home/deepartment/projects/odoo/odoo/modules/registry.py", line 126, in new
    registry.setup_signaling()
  File "/home/deepartment/projects/odoo/odoo/modules/registry.py", line 847, in setup_signaling
    cr.execute(SQL(
  File "/home/deepartment/projects/odoo/odoo/sql_db.py", line 357, in execute
    res = self._obj.execute(query, params)
          ^^^^^^^^^^^^^^^^^^^^^^^^^^^^^^^^
psycopg2.errors.InsufficientPrivilege: permission denied for schema public

2025-11-27 10:08:43,706 38405 INFO ? werkzeug: 127.0.0.1 - - [27/Nov/2025 10:08:43] "GET /odoo HTTP/1.1" 302 - 3 0.001 0.006
2025-11-27 10:08:43,722 38405 ERROR ? odoo.sql_db: bad query: b'CREATE SEQUENCE "base_registry_signaling" INCREMENT BY 1 START WITH 1'
ERROR: permission denied for schema public
 
2025-11-27 10:08:43,722 38405 ERROR ? odoo.modules.registry: Failed to load registry 
2025-11-27 10:08:43,722 38405 WARNING ? odoo.http: Database or registry unusable, trying without 
Traceback (most recent call last):
  File "/home/deepartment/projects/odoo/odoo/modules/registry.py", line 106, in __new__
    return cls.registries[db_name]
           ~~~~~~~~~~~~~~^^^^^^^^^
  File "/home/deepartment/projects/odoo/venv/lib/python3.12/site-packages/decorator.py", line 232, in fun
    return caller(func, *(extras + args), **kw)
           ^^^^^^^^^^^^^^^^^^^^^^^^^^^^^^^^^^^^
  File "/home/deepartment/projects/odoo/odoo/tools/func.py", line 97, in locked
    return func(inst, *args, **kwargs)
           ^^^^^^^^^^^^^^^^^^^^^^^^^^^
  File "/home/deepartment/projects/odoo/odoo/tools/lru.py", line 33, in __getitem__
    a = self.d[obj]
        ~~~~~~^^^^^
KeyError: 'odoo18'

During handling of the above exception, another exception occurred:

Traceback (most recent call last):
  File "/home/deepartment/projects/odoo/odoo/http.py", line 1690, in _open_registry
    registry = Registry(self.db)
               ^^^^^^^^^^^^^^^^^
  File "/home/deepartment/projects/odoo/odoo/modules/registry.py", line 108, in __new__
    return cls.new(db_name)
           ^^^^^^^^^^^^^^^^
  File "/home/deepartment/projects/odoo/venv/lib/python3.12/site-packages/decorator.py", line 232, in fun
    return caller(func, *(extras + args), **kw)
           ^^^^^^^^^^^^^^^^^^^^^^^^^^^^^^^^^^^^
  File "/home/deepartment/projects/odoo/odoo/tools/func.py", line 97, in locked
    return func(inst, *args, **kwargs)
           ^^^^^^^^^^^^^^^^^^^^^^^^^^^
  File "/home/deepartment/projects/odoo/odoo/modules/registry.py", line 126, in new
    registry.setup_signaling()
  File "/home/deepartment/projects/odoo/odoo/modules/registry.py", line 847, in setup_signaling
    cr.execute(SQL(
  File "/home/deepartment/projects/odoo/odoo/sql_db.py", line 357, in execute
    res = self._obj.execute(query, params)
          ^^^^^^^^^^^^^^^^^^^^^^^^^^^^^^^^
psycopg2.errors.InsufficientPrivilege: permission denied for schema public

2025-11-27 10:08:43,725 38405 INFO ? werkzeug: 127.0.0.1 - - [27/Nov/2025 10:08:43] "GET /odoo HTTP/1.1" 302 - 3 0.002 0.006
2025-11-27 10:08:43,743 38405 ERROR ? odoo.sql_db: bad query: b'CREATE SEQUENCE "base_registry_signaling" INCREMENT BY 1 START WITH 1'
ERROR: permission denied for schema public
 
2025-11-27 10:08:43,743 38405 ERROR ? odoo.modules.registry: Failed to load registry 
2025-11-27 10:08:43,743 38405 WARNING ? odoo.http: Database or registry unusable, trying without 
Traceback (most recent call last):
  File "/home/deepartment/projects/odoo/odoo/modules/registry.py", line 106, in __new__
    return cls.registries[db_name]
           ~~~~~~~~~~~~~~^^^^^^^^^
  File "/home/deepartment/projects/odoo/venv/lib/python3.12/site-packages/decorator.py", line 232, in fun
    return caller(func, *(extras + args), **kw)
           ^^^^^^^^^^^^^^^^^^^^^^^^^^^^^^^^^^^^
  File "/home/deepartment/projects/odoo/odoo/tools/func.py", line 97, in locked
    return func(inst, *args, **kwargs)
           ^^^^^^^^^^^^^^^^^^^^^^^^^^^
  File "/home/deepartment/projects/odoo/odoo/tools/lru.py", line 33, in __getitem__
    a = self.d[obj]
        ~~~~~~^^^^^
KeyError: 'odoo18'

During handling of the above exception, another exception occurred:

Traceback (most recent call last):
  File "/home/deepartment/projects/odoo/odoo/http.py", line 1690, in _open_registry
    registry = Registry(self.db)
               ^^^^^^^^^^^^^^^^^
  File "/home/deepartment/projects/odoo/odoo/modules/registry.py", line 108, in __new__
    return cls.new(db_name)
           ^^^^^^^^^^^^^^^^
  File "/home/deepartment/projects/odoo/venv/lib/python3.12/site-packages/decorator.py", line 232, in fun
    return caller(func, *(extras + args), **kw)
           ^^^^^^^^^^^^^^^^^^^^^^^^^^^^^^^^^^^^
  File "/home/deepartment/projects/odoo/odoo/tools/func.py", line 97, in locked
    return func(inst, *args, **kwargs)
           ^^^^^^^^^^^^^^^^^^^^^^^^^^^
  File "/home/deepartment/projects/odoo/odoo/modules/registry.py", line 126, in new
    registry.setup_signaling()
  File "/home/deepartment/projects/odoo/odoo/modules/registry.py", line 847, in setup_signaling
    cr.execute(SQL(
  File "/home/deepartment/projects/odoo/odoo/sql_db.py", line 357, in execute
    res = self._obj.execute(query, params)
          ^^^^^^^^^^^^^^^^^^^^^^^^^^^^^^^^
psycopg2.errors.InsufficientPrivilege: permission denied for schema public

2025-11-27 10:08:43,745 38405 INFO ? werkzeug: 127.0.0.1 - - [27/Nov/2025 10:08:43] "GET /odoo HTTP/1.1" 302 - 3 0.002 0.005
2025-11-27 10:08:43,761 38405 ERROR ? odoo.sql_db: bad query: b'CREATE SEQUENCE "base_registry_signaling" INCREMENT BY 1 START WITH 1'
ERROR: permission denied for schema public
 
2025-11-27 10:08:43,762 38405 ERROR ? odoo.modules.registry: Failed to load registry 
2025-11-27 10:08:43,762 38405 WARNING ? odoo.http: Database or registry unusable, trying without 
Traceback (most recent call last):
  File "/home/deepartment/projects/odoo/odoo/modules/registry.py", line 106, in __new__
    return cls.registries[db_name]
           ~~~~~~~~~~~~~~^^^^^^^^^
  File "/home/deepartment/projects/odoo/venv/lib/python3.12/site-packages/decorator.py", line 232, in fun
    return caller(func, *(extras + args), **kw)
           ^^^^^^^^^^^^^^^^^^^^^^^^^^^^^^^^^^^^
  File "/home/deepartment/projects/odoo/odoo/tools/func.py", line 97, in locked
    return func(inst, *args, **kwargs)
           ^^^^^^^^^^^^^^^^^^^^^^^^^^^
  File "/home/deepartment/projects/odoo/odoo/tools/lru.py", line 33, in __getitem__
    a = self.d[obj]
        ~~~~~~^^^^^
KeyError: 'odoo18'

During handling of the above exception, another exception occurred:

Traceback (most recent call last):
  File "/home/deepartment/projects/odoo/odoo/http.py", line 1690, in _open_registry
    registry = Registry(self.db)
               ^^^^^^^^^^^^^^^^^
  File "/home/deepartment/projects/odoo/odoo/modules/registry.py", line 108, in __new__
    return cls.new(db_name)
           ^^^^^^^^^^^^^^^^
  File "/home/deepartment/projects/odoo/venv/lib/python3.12/site-packages/decorator.py", line 232, in fun
    return caller(func, *(extras + args), **kw)
           ^^^^^^^^^^^^^^^^^^^^^^^^^^^^^^^^^^^^
  File "/home/deepartment/projects/odoo/odoo/tools/func.py", line 97, in locked
    return func(inst, *args, **kwargs)
           ^^^^^^^^^^^^^^^^^^^^^^^^^^^
  File "/home/deepartment/projects/odoo/odoo/modules/registry.py", line 126, in new
    registry.setup_signaling()
  File "/home/deepartment/projects/odoo/odoo/modules/registry.py", line 847, in setup_signaling
    cr.execute(SQL(
  File "/home/deepartment/projects/odoo/odoo/sql_db.py", line 357, in execute
    res = self._obj.execute(query, params)
          ^^^^^^^^^^^^^^^^^^^^^^^^^^^^^^^^
psycopg2.errors.InsufficientPrivilege: permission denied for schema public

2025-11-27 10:08:43,766 38405 INFO ? werkzeug: 127.0.0.1 - - [27/Nov/2025 10:08:43] "GET /odoo HTTP/1.1" 302 - 3 0.001 0.006
2025-11-27 10:08:43,782 38405 ERROR ? odoo.sql_db: bad query: b'CREATE SEQUENCE "base_registry_signaling" INCREMENT BY 1 START WITH 1'
ERROR: permission denied for schema public
 
2025-11-27 10:08:43,782 38405 ERROR ? odoo.modules.registry: Failed to load registry 
2025-11-27 10:08:43,782 38405 WARNING ? odoo.http: Database or registry unusable, trying without 
Traceback (most recent call last):
  File "/home/deepartment/projects/odoo/odoo/modules/registry.py", line 106, in __new__
    return cls.registries[db_name]
           ~~~~~~~~~~~~~~^^^^^^^^^
  File "/home/deepartment/projects/odoo/venv/lib/python3.12/site-packages/decorator.py", line 232, in fun
    return caller(func, *(extras + args), **kw)
           ^^^^^^^^^^^^^^^^^^^^^^^^^^^^^^^^^^^^
  File "/home/deepartment/projects/odoo/odoo/tools/func.py", line 97, in locked
    return func(inst, *args, **kwargs)
           ^^^^^^^^^^^^^^^^^^^^^^^^^^^
  File "/home/deepartment/projects/odoo/odoo/tools/lru.py", line 33, in __getitem__
    a = self.d[obj]
        ~~~~~~^^^^^
KeyError: 'odoo18'

During handling of the above exception, another exception occurred:

Traceback (most recent call last):
  File "/home/deepartment/projects/odoo/odoo/http.py", line 1690, in _open_registry
    registry = Registry(self.db)
               ^^^^^^^^^^^^^^^^^
  File "/home/deepartment/projects/odoo/odoo/modules/registry.py", line 108, in __new__
    return cls.new(db_name)
           ^^^^^^^^^^^^^^^^
  File "/home/deepartment/projects/odoo/venv/lib/python3.12/site-packages/decorator.py", line 232, in fun
    return caller(func, *(extras + args), **kw)
           ^^^^^^^^^^^^^^^^^^^^^^^^^^^^^^^^^^^^
  File "/home/deepartment/projects/odoo/odoo/tools/func.py", line 97, in locked
    return func(inst, *args, **kwargs)
           ^^^^^^^^^^^^^^^^^^^^^^^^^^^
  File "/home/deepartment/projects/odoo/odoo/modules/registry.py", line 126, in new
    registry.setup_signaling()
  File "/home/deepartment/projects/odoo/odoo/modules/registry.py", line 847, in setup_signaling
    cr.execute(SQL(
  File "/home/deepartment/projects/odoo/odoo/sql_db.py", line 357, in execute
    res = self._obj.execute(query, params)
          ^^^^^^^^^^^^^^^^^^^^^^^^^^^^^^^^
psycopg2.errors.InsufficientPrivilege: permission denied for schema public

2025-11-27 10:08:43,785 38405 INFO ? werkzeug: 127.0.0.1 - - [27/Nov/2025 10:08:43] "GET /odoo HTTP/1.1" 302 - 3 0.002 0.005
2025-11-27 10:08:43,806 38405 ERROR ? odoo.sql_db: bad query: b'CREATE SEQUENCE "base_registry_signaling" INCREMENT BY 1 START WITH 1'
ERROR: permission denied for schema public
 
2025-11-27 10:08:43,806 38405 ERROR ? odoo.modules.registry: Failed to load registry 
2025-11-27 10:08:43,806 38405 WARNING ? odoo.http: Database or registry unusable, trying without 
Traceback (most recent call last):
  File "/home/deepartment/projects/odoo/odoo/modules/registry.py", line 106, in __new__
    return cls.registries[db_name]
           ~~~~~~~~~~~~~~^^^^^^^^^
  File "/home/deepartment/projects/odoo/venv/lib/python3.12/site-packages/decorator.py", line 232, in fun
    return caller(func, *(extras + args), **kw)
           ^^^^^^^^^^^^^^^^^^^^^^^^^^^^^^^^^^^^
  File "/home/deepartment/projects/odoo/odoo/tools/func.py", line 97, in locked
    return func(inst, *args, **kwargs)
           ^^^^^^^^^^^^^^^^^^^^^^^^^^^
  File "/home/deepartment/projects/odoo/odoo/tools/lru.py", line 33, in __getitem__
    a = self.d[obj]
        ~~~~~~^^^^^
KeyError: 'odoo18'

During handling of the above exception, another exception occurred:

Traceback (most recent call last):
  File "/home/deepartment/projects/odoo/odoo/http.py", line 1690, in _open_registry
    registry = Registry(self.db)
               ^^^^^^^^^^^^^^^^^
  File "/home/deepartment/projects/odoo/odoo/modules/registry.py", line 108, in __new__
    return cls.new(db_name)
           ^^^^^^^^^^^^^^^^
  File "/home/deepartment/projects/odoo/venv/lib/python3.12/site-packages/decorator.py", line 232, in fun
    return caller(func, *(extras + args), **kw)
           ^^^^^^^^^^^^^^^^^^^^^^^^^^^^^^^^^^^^
  File "/home/deepartment/projects/odoo/odoo/tools/func.py", line 97, in locked
    return func(inst, *args, **kwargs)
           ^^^^^^^^^^^^^^^^^^^^^^^^^^^
  File "/home/deepartment/projects/odoo/odoo/modules/registry.py", line 126, in new
    registry.setup_signaling()
  File "/home/deepartment/projects/odoo/odoo/modules/registry.py", line 847, in setup_signaling
    cr.execute(SQL(
  File "/home/deepartment/projects/odoo/odoo/sql_db.py", line 357, in execute
    res = self._obj.execute(query, params)
          ^^^^^^^^^^^^^^^^^^^^^^^^^^^^^^^^
psycopg2.errors.InsufficientPrivilege: permission denied for schema public

2025-11-27 10:08:43,809 38405 INFO ? werkzeug: 127.0.0.1 - - [27/Nov/2025 10:08:43] "GET /odoo HTTP/1.1" 302 - 3 0.001 0.005
2025-11-27 10:08:43,823 38405 ERROR ? odoo.sql_db: bad query: b'CREATE SEQUENCE "base_registry_signaling" INCREMENT BY 1 START WITH 1'
ERROR: permission denied for schema public
 
2025-11-27 10:08:43,823 38405 ERROR ? odoo.modules.registry: Failed to load registry 
2025-11-27 10:08:43,824 38405 WARNING ? odoo.http: Database or registry unusable, trying without 
Traceback (most recent call last):
  File "/home/deepartment/projects/odoo/odoo/modules/registry.py", line 106, in __new__
    return cls.registries[db_name]
           ~~~~~~~~~~~~~~^^^^^^^^^
  File "/home/deepartment/projects/odoo/venv/lib/python3.12/site-packages/decorator.py", line 232, in fun
    return caller(func, *(extras + args), **kw)
           ^^^^^^^^^^^^^^^^^^^^^^^^^^^^^^^^^^^^
  File "/home/deepartment/projects/odoo/odoo/tools/func.py", line 97, in locked
    return func(inst, *args, **kwargs)
           ^^^^^^^^^^^^^^^^^^^^^^^^^^^
  File "/home/deepartment/projects/odoo/odoo/tools/lru.py", line 33, in __getitem__
    a = self.d[obj]
        ~~~~~~^^^^^
KeyError: 'odoo18'

During handling of the above exception, another exception occurred:

Traceback (most recent call last):
  File "/home/deepartment/projects/odoo/odoo/http.py", line 1690, in _open_registry
    registry = Registry(self.db)
               ^^^^^^^^^^^^^^^^^
  File "/home/deepartment/projects/odoo/odoo/modules/registry.py", line 108, in __new__
    return cls.new(db_name)
           ^^^^^^^^^^^^^^^^
  File "/home/deepartment/projects/odoo/venv/lib/python3.12/site-packages/decorator.py", line 232, in fun
    return caller(func, *(extras + args), **kw)
           ^^^^^^^^^^^^^^^^^^^^^^^^^^^^^^^^^^^^
  File "/home/deepartment/projects/odoo/odoo/tools/func.py", line 97, in locked
    return func(inst, *args, **kwargs)
           ^^^^^^^^^^^^^^^^^^^^^^^^^^^
  File "/home/deepartment/projects/odoo/odoo/modules/registry.py", line 126, in new
    registry.setup_signaling()
  File "/home/deepartment/projects/odoo/odoo/modules/registry.py", line 847, in setup_signaling
    cr.execute(SQL(
  File "/home/deepartment/projects/odoo/odoo/sql_db.py", line 357, in execute
    res = self._obj.execute(query, params)
          ^^^^^^^^^^^^^^^^^^^^^^^^^^^^^^^^
psycopg2.errors.InsufficientPrivilege: permission denied for schema public

2025-11-27 10:08:43,828 38405 INFO ? werkzeug: 127.0.0.1 - - [27/Nov/2025 10:08:43] "GET /odoo HTTP/1.1" 302 - 3 0.001 0.007
2025-11-27 10:08:43,844 38405 ERROR ? odoo.sql_db: bad query: b'CREATE SEQUENCE "base_registry_signaling" INCREMENT BY 1 START WITH 1'
ERROR: permission denied for schema public
 
2025-11-27 10:08:43,845 38405 ERROR ? odoo.modules.registry: Failed to load registry 
2025-11-27 10:08:43,845 38405 WARNING ? odoo.http: Database or registry unusable, trying without 
Traceback (most recent call last):
  File "/home/deepartment/projects/odoo/odoo/modules/registry.py", line 106, in __new__
    return cls.registries[db_name]
           ~~~~~~~~~~~~~~^^^^^^^^^
  File "/home/deepartment/projects/odoo/venv/lib/python3.12/site-packages/decorator.py", line 232, in fun
    return caller(func, *(extras + args), **kw)
           ^^^^^^^^^^^^^^^^^^^^^^^^^^^^^^^^^^^^
  File "/home/deepartment/projects/odoo/odoo/tools/func.py", line 97, in locked
    return func(inst, *args, **kwargs)
           ^^^^^^^^^^^^^^^^^^^^^^^^^^^
  File "/home/deepartment/projects/odoo/odoo/tools/lru.py", line 33, in __getitem__
    a = self.d[obj]
        ~~~~~~^^^^^
KeyError: 'odoo18'

During handling of the above exception, another exception occurred:

Traceback (most recent call last):
  File "/home/deepartment/projects/odoo/odoo/http.py", line 1690, in _open_registry
    registry = Registry(self.db)
               ^^^^^^^^^^^^^^^^^
  File "/home/deepartment/projects/odoo/odoo/modules/registry.py", line 108, in __new__
    return cls.new(db_name)
           ^^^^^^^^^^^^^^^^
  File "/home/deepartment/projects/odoo/venv/lib/python3.12/site-packages/decorator.py", line 232, in fun
    return caller(func, *(extras + args), **kw)
           ^^^^^^^^^^^^^^^^^^^^^^^^^^^^^^^^^^^^
  File "/home/deepartment/projects/odoo/odoo/tools/func.py", line 97, in locked
    return func(inst, *args, **kwargs)
           ^^^^^^^^^^^^^^^^^^^^^^^^^^^
  File "/home/deepartment/projects/odoo/odoo/modules/registry.py", line 126, in new
    registry.setup_signaling()
  File "/home/deepartment/projects/odoo/odoo/modules/registry.py", line 847, in setup_signaling
    cr.execute(SQL(
  File "/home/deepartment/projects/odoo/odoo/sql_db.py", line 357, in execute
    res = self._obj.execute(query, params)
          ^^^^^^^^^^^^^^^^^^^^^^^^^^^^^^^^
psycopg2.errors.InsufficientPrivilege: permission denied for schema public

2025-11-27 10:08:43,847 38405 INFO ? werkzeug: 127.0.0.1 - - [27/Nov/2025 10:08:43] "GET /odoo HTTP/1.1" 302 - 3 0.002 0.005
2025-11-27 10:08:43,865 38405 ERROR ? odoo.sql_db: bad query: b'CREATE SEQUENCE "base_registry_signaling" INCREMENT BY 1 START WITH 1'
ERROR: permission denied for schema public
 
2025-11-27 10:08:43,865 38405 ERROR ? odoo.modules.registry: Failed to load registry 
2025-11-27 10:08:43,865 38405 WARNING ? odoo.http: Database or registry unusable, trying without 
Traceback (most recent call last):
  File "/home/deepartment/projects/odoo/odoo/modules/registry.py", line 106, in __new__
    return cls.registries[db_name]
           ~~~~~~~~~~~~~~^^^^^^^^^
  File "/home/deepartment/projects/odoo/venv/lib/python3.12/site-packages/decorator.py", line 232, in fun
    return caller(func, *(extras + args), **kw)
           ^^^^^^^^^^^^^^^^^^^^^^^^^^^^^^^^^^^^
  File "/home/deepartment/projects/odoo/odoo/tools/func.py", line 97, in locked
    return func(inst, *args, **kwargs)
           ^^^^^^^^^^^^^^^^^^^^^^^^^^^
  File "/home/deepartment/projects/odoo/odoo/tools/lru.py", line 33, in __getitem__
    a = self.d[obj]
        ~~~~~~^^^^^
KeyError: 'odoo18'

During handling of the above exception, another exception occurred:

Traceback (most recent call last):
  File "/home/deepartment/projects/odoo/odoo/http.py", line 1690, in _open_registry
    registry = Registry(self.db)
               ^^^^^^^^^^^^^^^^^
  File "/home/deepartment/projects/odoo/odoo/modules/registry.py", line 108, in __new__
    return cls.new(db_name)
           ^^^^^^^^^^^^^^^^
  File "/home/deepartment/projects/odoo/venv/lib/python3.12/site-packages/decorator.py", line 232, in fun
    return caller(func, *(extras + args), **kw)
           ^^^^^^^^^^^^^^^^^^^^^^^^^^^^^^^^^^^^
  File "/home/deepartment/projects/odoo/odoo/tools/func.py", line 97, in locked
    return func(inst, *args, **kwargs)
           ^^^^^^^^^^^^^^^^^^^^^^^^^^^
  File "/home/deepartment/projects/odoo/odoo/modules/registry.py", line 126, in new
    registry.setup_signaling()
  File "/home/deepartment/projects/odoo/odoo/modules/registry.py", line 847, in setup_signaling
    cr.execute(SQL(
  File "/home/deepartment/projects/odoo/odoo/sql_db.py", line 357, in execute
    res = self._obj.execute(query, params)
          ^^^^^^^^^^^^^^^^^^^^^^^^^^^^^^^^
psycopg2.errors.InsufficientPrivilege: permission denied for schema public

2025-11-27 10:08:43,868 38405 INFO ? werkzeug: 127.0.0.1 - - [27/Nov/2025 10:08:43] "GET /odoo HTTP/1.1" 302 - 3 0.001 0.004
2025-11-27 10:08:43,883 38405 ERROR ? odoo.sql_db: bad query: b'CREATE SEQUENCE "base_registry_signaling" INCREMENT BY 1 START WITH 1'
ERROR: permission denied for schema public
 
2025-11-27 10:08:43,883 38405 ERROR ? odoo.modules.registry: Failed to load registry 
2025-11-27 10:08:43,884 38405 WARNING ? odoo.http: Database or registry unusable, trying without 
Traceback (most recent call last):
  File "/home/deepartment/projects/odoo/odoo/modules/registry.py", line 106, in __new__
    return cls.registries[db_name]
           ~~~~~~~~~~~~~~^^^^^^^^^
  File "/home/deepartment/projects/odoo/venv/lib/python3.12/site-packages/decorator.py", line 232, in fun
    return caller(func, *(extras + args), **kw)
           ^^^^^^^^^^^^^^^^^^^^^^^^^^^^^^^^^^^^
  File "/home/deepartment/projects/odoo/odoo/tools/func.py", line 97, in locked
    return func(inst, *args, **kwargs)
           ^^^^^^^^^^^^^^^^^^^^^^^^^^^
  File "/home/deepartment/projects/odoo/odoo/tools/lru.py", line 33, in __getitem__
    a = self.d[obj]
        ~~~~~~^^^^^
KeyError: 'odoo18'

During handling of the above exception, another exception occurred:

Traceback (most recent call last):
  File "/home/deepartment/projects/odoo/odoo/http.py", line 1690, in _open_registry
    registry = Registry(self.db)
               ^^^^^^^^^^^^^^^^^
  File "/home/deepartment/projects/odoo/odoo/modules/registry.py", line 108, in __new__
    return cls.new(db_name)
           ^^^^^^^^^^^^^^^^
  File "/home/deepartment/projects/odoo/venv/lib/python3.12/site-packages/decorator.py", line 232, in fun
    return caller(func, *(extras + args), **kw)
           ^^^^^^^^^^^^^^^^^^^^^^^^^^^^^^^^^^^^
  File "/home/deepartment/projects/odoo/odoo/tools/func.py", line 97, in locked
    return func(inst, *args, **kwargs)
           ^^^^^^^^^^^^^^^^^^^^^^^^^^^
  File "/home/deepartment/projects/odoo/odoo/modules/registry.py", line 126, in new
    registry.setup_signaling()
  File "/home/deepartment/projects/odoo/odoo/modules/registry.py", line 847, in setup_signaling
    cr.execute(SQL(
  File "/home/deepartment/projects/odoo/odoo/sql_db.py", line 357, in execute
    res = self._obj.execute(query, params)
          ^^^^^^^^^^^^^^^^^^^^^^^^^^^^^^^^
psycopg2.errors.InsufficientPrivilege: permission denied for schema public

2025-11-27 10:08:43,889 38405 INFO ? werkzeug: 127.0.0.1 - - [27/Nov/2025 10:08:43] "GET /odoo HTTP/1.1" 302 - 3 0.001 0.008
2025-11-27 10:08:44,420 38405 ERROR ? odoo.sql_db: bad query: b'CREATE SEQUENCE "base_registry_signaling" INCREMENT BY 1 START WITH 1'
ERROR: permission denied for schema public
 
2025-11-27 10:08:44,421 38405 ERROR ? odoo.modules.registry: Failed to load registry 
2025-11-27 10:08:44,421 38405 WARNING ? odoo.http: Database or registry unusable, trying without 
Traceback (most recent call last):
  File "/home/deepartment/projects/odoo/odoo/modules/registry.py", line 106, in __new__
    return cls.registries[db_name]
           ~~~~~~~~~~~~~~^^^^^^^^^
  File "/home/deepartment/projects/odoo/venv/lib/python3.12/site-packages/decorator.py", line 232, in fun
    return caller(func, *(extras + args), **kw)
           ^^^^^^^^^^^^^^^^^^^^^^^^^^^^^^^^^^^^
  File "/home/deepartment/projects/odoo/odoo/tools/func.py", line 97, in locked
    return func(inst, *args, **kwargs)
           ^^^^^^^^^^^^^^^^^^^^^^^^^^^
  File "/home/deepartment/projects/odoo/odoo/tools/lru.py", line 33, in __getitem__
    a = self.d[obj]
        ~~~~~~^^^^^
KeyError: 'odoo18'

During handling of the above exception, another exception occurred:

Traceback (most recent call last):
  File "/home/deepartment/projects/odoo/odoo/http.py", line 1690, in _open_registry
    registry = Registry(self.db)
               ^^^^^^^^^^^^^^^^^
  File "/home/deepartment/projects/odoo/odoo/modules/registry.py", line 108, in __new__
    return cls.new(db_name)
           ^^^^^^^^^^^^^^^^
  File "/home/deepartment/projects/odoo/venv/lib/python3.12/site-packages/decorator.py", line 232, in fun
    return caller(func, *(extras + args), **kw)
           ^^^^^^^^^^^^^^^^^^^^^^^^^^^^^^^^^^^^
  File "/home/deepartment/projects/odoo/odoo/tools/func.py", line 97, in locked
    return func(inst, *args, **kwargs)
           ^^^^^^^^^^^^^^^^^^^^^^^^^^^
  File "/home/deepartment/projects/odoo/odoo/modules/registry.py", line 126, in new
    registry.setup_signaling()
  File "/home/deepartment/projects/odoo/odoo/modules/registry.py", line 847, in setup_signaling
    cr.execute(SQL(
  File "/home/deepartment/projects/odoo/odoo/sql_db.py", line 357, in execute
    res = self._obj.execute(query, params)
          ^^^^^^^^^^^^^^^^^^^^^^^^^^^^^^^^
psycopg2.errors.InsufficientPrivilege: permission denied for schema public

2025-11-27 10:08:44,424 38405 INFO ? werkzeug: 127.0.0.1 - - [27/Nov/2025 10:08:44] "GET /web/service-worker.js HTTP/1.1" 404 - 3 0.011 0.009
2025-11-27 10:08:48,056 38405 ERROR ? odoo.sql_db: bad query: b'CREATE SEQUENCE "base_registry_signaling" INCREMENT BY 1 START WITH 1'
ERROR: permission denied for schema public
 
2025-11-27 10:08:48,057 38405 ERROR ? odoo.modules.registry: Failed to load registry 
2025-11-27 10:08:48,057 38405 WARNING ? odoo.http: Database or registry unusable, trying without 
Traceback (most recent call last):
  File "/home/deepartment/projects/odoo/odoo/modules/registry.py", line 106, in __new__
    return cls.registries[db_name]
           ~~~~~~~~~~~~~~^^^^^^^^^
  File "/home/deepartment/projects/odoo/venv/lib/python3.12/site-packages/decorator.py", line 232, in fun
    return caller(func, *(extras + args), **kw)
           ^^^^^^^^^^^^^^^^^^^^^^^^^^^^^^^^^^^^
  File "/home/deepartment/projects/odoo/odoo/tools/func.py", line 97, in locked
    return func(inst, *args, **kwargs)
           ^^^^^^^^^^^^^^^^^^^^^^^^^^^
  File "/home/deepartment/projects/odoo/odoo/tools/lru.py", line 33, in __getitem__
    a = self.d[obj]
        ~~~~~~^^^^^
KeyError: 'odoo18'

During handling of the above exception, another exception occurred:

Traceback (most recent call last):
  File "/home/deepartment/projects/odoo/odoo/http.py", line 1690, in _open_registry
    registry = Registry(self.db)
               ^^^^^^^^^^^^^^^^^
  File "/home/deepartment/projects/odoo/odoo/modules/registry.py", line 108, in __new__
    return cls.new(db_name)
           ^^^^^^^^^^^^^^^^
  File "/home/deepartment/projects/odoo/venv/lib/python3.12/site-packages/decorator.py", line 232, in fun
    return caller(func, *(extras + args), **kw)
           ^^^^^^^^^^^^^^^^^^^^^^^^^^^^^^^^^^^^
  File "/home/deepartment/projects/odoo/odoo/tools/func.py", line 97, in locked
    return func(inst, *args, **kwargs)
           ^^^^^^^^^^^^^^^^^^^^^^^^^^^
  File "/home/deepartment/projects/odoo/odoo/modules/registry.py", line 126, in new
    registry.setup_signaling()
  File "/home/deepartment/projects/odoo/odoo/modules/registry.py", line 847, in setup_signaling
    cr.execute(SQL(
  File "/home/deepartment/projects/odoo/odoo/sql_db.py", line 357, in execute
    res = self._obj.execute(query, params)
          ^^^^^^^^^^^^^^^^^^^^^^^^^^^^^^^^
psycopg2.errors.InsufficientPrivilege: permission denied for schema public

2025-11-27 10:08:48,066 38405 INFO ? werkzeug: 127.0.0.1 - - [27/Nov/2025 10:08:48] "GET /odoo/apps HTTP/1.1" 302 - 3 0.002 0.012
2025-11-27 10:08:48,091 38405 ERROR ? odoo.sql_db: bad query: b'CREATE SEQUENCE "base_registry_signaling" INCREMENT BY 1 START WITH 1'
ERROR: permission denied for schema public
 
2025-11-27 10:08:48,092 38405 ERROR ? odoo.modules.registry: Failed to load registry 
2025-11-27 10:08:48,092 38405 WARNING ? odoo.http: Database or registry unusable, trying without 
Traceback (most recent call last):
  File "/home/deepartment/projects/odoo/odoo/modules/registry.py", line 106, in __new__
    return cls.registries[db_name]
           ~~~~~~~~~~~~~~^^^^^^^^^
  File "/home/deepartment/projects/odoo/venv/lib/python3.12/site-packages/decorator.py", line 232, in fun
    return caller(func, *(extras + args), **kw)
           ^^^^^^^^^^^^^^^^^^^^^^^^^^^^^^^^^^^^
  File "/home/deepartment/projects/odoo/odoo/tools/func.py", line 97, in locked
    return func(inst, *args, **kwargs)
           ^^^^^^^^^^^^^^^^^^^^^^^^^^^
  File "/home/deepartment/projects/odoo/odoo/tools/lru.py", line 33, in __getitem__
    a = self.d[obj]
        ~~~~~~^^^^^
KeyError: 'odoo18'

During handling of the above exception, another exception occurred:

Traceback (most recent call last):
  File "/home/deepartment/projects/odoo/odoo/http.py", line 1690, in _open_registry
    registry = Registry(self.db)
               ^^^^^^^^^^^^^^^^^
  File "/home/deepartment/projects/odoo/odoo/modules/registry.py", line 108, in __new__
    return cls.new(db_name)
           ^^^^^^^^^^^^^^^^
  File "/home/deepartment/projects/odoo/venv/lib/python3.12/site-packages/decorator.py", line 232, in fun
    return caller(func, *(extras + args), **kw)
           ^^^^^^^^^^^^^^^^^^^^^^^^^^^^^^^^^^^^
  File "/home/deepartment/projects/odoo/odoo/tools/func.py", line 97, in locked
    return func(inst, *args, **kwargs)
           ^^^^^^^^^^^^^^^^^^^^^^^^^^^
  File "/home/deepartment/projects/odoo/odoo/modules/registry.py", line 126, in new
    registry.setup_signaling()
  File "/home/deepartment/projects/odoo/odoo/modules/registry.py", line 847, in setup_signaling
    cr.execute(SQL(
  File "/home/deepartment/projects/odoo/odoo/sql_db.py", line 357, in execute
    res = self._obj.execute(query, params)
          ^^^^^^^^^^^^^^^^^^^^^^^^^^^^^^^^
psycopg2.errors.InsufficientPrivilege: permission denied for schema public

2025-11-27 10:08:48,095 38405 INFO ? werkzeug: 127.0.0.1 - - [27/Nov/2025 10:08:48] "GET /odoo/apps HTTP/1.1" 302 - 3 0.002 0.007
2025-11-27 10:08:48,115 38405 ERROR ? odoo.sql_db: bad query: b'CREATE SEQUENCE "base_registry_signaling" INCREMENT BY 1 START WITH 1'
ERROR: permission denied for schema public
 
2025-11-27 10:08:48,115 38405 ERROR ? odoo.modules.registry: Failed to load registry 
2025-11-27 10:08:48,116 38405 WARNING ? odoo.http: Database or registry unusable, trying without 
Traceback (most recent call last):
  File "/home/deepartment/projects/odoo/odoo/modules/registry.py", line 106, in __new__
    return cls.registries[db_name]
           ~~~~~~~~~~~~~~^^^^^^^^^
  File "/home/deepartment/projects/odoo/venv/lib/python3.12/site-packages/decorator.py", line 232, in fun
    return caller(func, *(extras + args), **kw)
           ^^^^^^^^^^^^^^^^^^^^^^^^^^^^^^^^^^^^
  File "/home/deepartment/projects/odoo/odoo/tools/func.py", line 97, in locked
    return func(inst, *args, **kwargs)
           ^^^^^^^^^^^^^^^^^^^^^^^^^^^
  File "/home/deepartment/projects/odoo/odoo/tools/lru.py", line 33, in __getitem__
    a = self.d[obj]
        ~~~~~~^^^^^
KeyError: 'odoo18'

During handling of the above exception, another exception occurred:

Traceback (most recent call last):
  File "/home/deepartment/projects/odoo/odoo/http.py", line 1690, in _open_registry
    registry = Registry(self.db)
               ^^^^^^^^^^^^^^^^^
  File "/home/deepartment/projects/odoo/odoo/modules/registry.py", line 108, in __new__
    return cls.new(db_name)
           ^^^^^^^^^^^^^^^^
  File "/home/deepartment/projects/odoo/venv/lib/python3.12/site-packages/decorator.py", line 232, in fun
    return caller(func, *(extras + args), **kw)
           ^^^^^^^^^^^^^^^^^^^^^^^^^^^^^^^^^^^^
  File "/home/deepartment/projects/odoo/odoo/tools/func.py", line 97, in locked
    return func(inst, *args, **kwargs)
           ^^^^^^^^^^^^^^^^^^^^^^^^^^^
  File "/home/deepartment/projects/odoo/odoo/modules/registry.py", line 126, in new
    registry.setup_signaling()
  File "/home/deepartment/projects/odoo/odoo/modules/registry.py", line 847, in setup_signaling
    cr.execute(SQL(
  File "/home/deepartment/projects/odoo/odoo/sql_db.py", line 357, in execute
    res = self._obj.execute(query, params)
          ^^^^^^^^^^^^^^^^^^^^^^^^^^^^^^^^
psycopg2.errors.InsufficientPrivilege: permission denied for schema public

2025-11-27 10:08:48,125 38405 INFO ? werkzeug: 127.0.0.1 - - [27/Nov/2025 10:08:48] "GET /odoo/apps HTTP/1.1" 302 - 3 0.002 0.013
2025-11-27 10:08:48,148 38405 ERROR ? odoo.sql_db: bad query: b'CREATE SEQUENCE "base_registry_signaling" INCREMENT BY 1 START WITH 1'
ERROR: permission denied for schema public
 
2025-11-27 10:08:48,148 38405 ERROR ? odoo.modules.registry: Failed to load registry 
2025-11-27 10:08:48,148 38405 WARNING ? odoo.http: Database or registry unusable, trying without 
Traceback (most recent call last):
  File "/home/deepartment/projects/odoo/odoo/modules/registry.py", line 106, in __new__
    return cls.registries[db_name]
           ~~~~~~~~~~~~~~^^^^^^^^^
  File "/home/deepartment/projects/odoo/venv/lib/python3.12/site-packages/decorator.py", line 232, in fun
    return caller(func, *(extras + args), **kw)
           ^^^^^^^^^^^^^^^^^^^^^^^^^^^^^^^^^^^^
  File "/home/deepartment/projects/odoo/odoo/tools/func.py", line 97, in locked
    return func(inst, *args, **kwargs)
           ^^^^^^^^^^^^^^^^^^^^^^^^^^^
  File "/home/deepartment/projects/odoo/odoo/tools/lru.py", line 33, in __getitem__
    a = self.d[obj]
        ~~~~~~^^^^^
KeyError: 'odoo18'

During handling of the above exception, another exception occurred:

Traceback (most recent call last):
  File "/home/deepartment/projects/odoo/odoo/http.py", line 1690, in _open_registry
    registry = Registry(self.db)
               ^^^^^^^^^^^^^^^^^
  File "/home/deepartment/projects/odoo/odoo/modules/registry.py", line 108, in __new__
    return cls.new(db_name)
           ^^^^^^^^^^^^^^^^
  File "/home/deepartment/projects/odoo/venv/lib/python3.12/site-packages/decorator.py", line 232, in fun
    return caller(func, *(extras + args), **kw)
           ^^^^^^^^^^^^^^^^^^^^^^^^^^^^^^^^^^^^
  File "/home/deepartment/projects/odoo/odoo/tools/func.py", line 97, in locked
    return func(inst, *args, **kwargs)
           ^^^^^^^^^^^^^^^^^^^^^^^^^^^
  File "/home/deepartment/projects/odoo/odoo/modules/registry.py", line 126, in new
    registry.setup_signaling()
  File "/home/deepartment/projects/odoo/odoo/modules/registry.py", line 847, in setup_signaling
    cr.execute(SQL(
  File "/home/deepartment/projects/odoo/odoo/sql_db.py", line 357, in execute
    res = self._obj.execute(query, params)
          ^^^^^^^^^^^^^^^^^^^^^^^^^^^^^^^^
psycopg2.errors.InsufficientPrivilege: permission denied for schema public

2025-11-27 10:08:48,151 38405 INFO ? werkzeug: 127.0.0.1 - - [27/Nov/2025 10:08:48] "GET /odoo/apps HTTP/1.1" 302 - 3 0.002 0.006
2025-11-27 10:08:48,177 38405 ERROR ? odoo.sql_db: bad query: b'CREATE SEQUENCE "base_registry_signaling" INCREMENT BY 1 START WITH 1'
ERROR: permission denied for schema public
 
2025-11-27 10:08:48,177 38405 ERROR ? odoo.modules.registry: Failed to load registry 
2025-11-27 10:08:48,177 38405 WARNING ? odoo.http: Database or registry unusable, trying without 
Traceback (most recent call last):
  File "/home/deepartment/projects/odoo/odoo/modules/registry.py", line 106, in __new__
    return cls.registries[db_name]
           ~~~~~~~~~~~~~~^^^^^^^^^
  File "/home/deepartment/projects/odoo/venv/lib/python3.12/site-packages/decorator.py", line 232, in fun
    return caller(func, *(extras + args), **kw)
           ^^^^^^^^^^^^^^^^^^^^^^^^^^^^^^^^^^^^
  File "/home/deepartment/projects/odoo/odoo/tools/func.py", line 97, in locked
    return func(inst, *args, **kwargs)
           ^^^^^^^^^^^^^^^^^^^^^^^^^^^
  File "/home/deepartment/projects/odoo/odoo/tools/lru.py", line 33, in __getitem__
    a = self.d[obj]
        ~~~~~~^^^^^
KeyError: 'odoo18'

During handling of the above exception, another exception occurred:

Traceback (most recent call last):
  File "/home/deepartment/projects/odoo/odoo/http.py", line 1690, in _open_registry
    registry = Registry(self.db)
               ^^^^^^^^^^^^^^^^^
  File "/home/deepartment/projects/odoo/odoo/modules/registry.py", line 108, in __new__
    return cls.new(db_name)
           ^^^^^^^^^^^^^^^^
  File "/home/deepartment/projects/odoo/venv/lib/python3.12/site-packages/decorator.py", line 232, in fun
    return caller(func, *(extras + args), **kw)
           ^^^^^^^^^^^^^^^^^^^^^^^^^^^^^^^^^^^^
  File "/home/deepartment/projects/odoo/odoo/tools/func.py", line 97, in locked
    return func(inst, *args, **kwargs)
           ^^^^^^^^^^^^^^^^^^^^^^^^^^^
  File "/home/deepartment/projects/odoo/odoo/modules/registry.py", line 126, in new
    registry.setup_signaling()
  File "/home/deepartment/projects/odoo/odoo/modules/registry.py", line 847, in setup_signaling
    cr.execute(SQL(
  File "/home/deepartment/projects/odoo/odoo/sql_db.py", line 357, in execute
    res = self._obj.execute(query, params)
          ^^^^^^^^^^^^^^^^^^^^^^^^^^^^^^^^
psycopg2.errors.InsufficientPrivilege: permission denied for schema public

2025-11-27 10:08:48,180 38405 INFO ? werkzeug: 127.0.0.1 - - [27/Nov/2025 10:08:48] "GET /odoo/apps HTTP/1.1" 302 - 3 0.002 0.006
2025-11-27 10:08:48,200 38405 ERROR ? odoo.sql_db: bad query: b'CREATE SEQUENCE "base_registry_signaling" INCREMENT BY 1 START WITH 1'
ERROR: permission denied for schema public
 
2025-11-27 10:08:48,201 38405 ERROR ? odoo.modules.registry: Failed to load registry 
2025-11-27 10:08:48,201 38405 WARNING ? odoo.http: Database or registry unusable, trying without 
Traceback (most recent call last):
  File "/home/deepartment/projects/odoo/odoo/modules/registry.py", line 106, in __new__
    return cls.registries[db_name]
           ~~~~~~~~~~~~~~^^^^^^^^^
  File "/home/deepartment/projects/odoo/venv/lib/python3.12/site-packages/decorator.py", line 232, in fun
    return caller(func, *(extras + args), **kw)
           ^^^^^^^^^^^^^^^^^^^^^^^^^^^^^^^^^^^^
  File "/home/deepartment/projects/odoo/odoo/tools/func.py", line 97, in locked
    return func(inst, *args, **kwargs)
           ^^^^^^^^^^^^^^^^^^^^^^^^^^^
  File "/home/deepartment/projects/odoo/odoo/tools/lru.py", line 33, in __getitem__
    a = self.d[obj]
        ~~~~~~^^^^^
KeyError: 'odoo18'

During handling of the above exception, another exception occurred:

Traceback (most recent call last):
  File "/home/deepartment/projects/odoo/odoo/http.py", line 1690, in _open_registry
    registry = Registry(self.db)
               ^^^^^^^^^^^^^^^^^
  File "/home/deepartment/projects/odoo/odoo/modules/registry.py", line 108, in __new__
    return cls.new(db_name)
           ^^^^^^^^^^^^^^^^
  File "/home/deepartment/projects/odoo/venv/lib/python3.12/site-packages/decorator.py", line 232, in fun
    return caller(func, *(extras + args), **kw)
           ^^^^^^^^^^^^^^^^^^^^^^^^^^^^^^^^^^^^
  File "/home/deepartment/projects/odoo/odoo/tools/func.py", line 97, in locked
    return func(inst, *args, **kwargs)
           ^^^^^^^^^^^^^^^^^^^^^^^^^^^
  File "/home/deepartment/projects/odoo/odoo/modules/registry.py", line 126, in new
    registry.setup_signaling()
  File "/home/deepartment/projects/odoo/odoo/modules/registry.py", line 847, in setup_signaling
    cr.execute(SQL(
  File "/home/deepartment/projects/odoo/odoo/sql_db.py", line 357, in execute
    res = self._obj.execute(query, params)
          ^^^^^^^^^^^^^^^^^^^^^^^^^^^^^^^^
psycopg2.errors.InsufficientPrivilege: permission denied for schema public

2025-11-27 10:08:48,205 38405 INFO ? werkzeug: 127.0.0.1 - - [27/Nov/2025 10:08:48] "GET /odoo/apps HTTP/1.1" 302 - 3 0.003 0.007
2025-11-27 10:08:48,221 38405 ERROR ? odoo.sql_db: bad query: b'CREATE SEQUENCE "base_registry_signaling" INCREMENT BY 1 START WITH 1'
ERROR: permission denied for schema public
 
2025-11-27 10:08:48,221 38405 ERROR ? odoo.modules.registry: Failed to load registry 
2025-11-27 10:08:48,222 38405 WARNING ? odoo.http: Database or registry unusable, trying without 
Traceback (most recent call last):
  File "/home/deepartment/projects/odoo/odoo/modules/registry.py", line 106, in __new__
    return cls.registries[db_name]
           ~~~~~~~~~~~~~~^^^^^^^^^
  File "/home/deepartment/projects/odoo/venv/lib/python3.12/site-packages/decorator.py", line 232, in fun
    return caller(func, *(extras + args), **kw)
           ^^^^^^^^^^^^^^^^^^^^^^^^^^^^^^^^^^^^
  File "/home/deepartment/projects/odoo/odoo/tools/func.py", line 97, in locked
    return func(inst, *args, **kwargs)
           ^^^^^^^^^^^^^^^^^^^^^^^^^^^
  File "/home/deepartment/projects/odoo/odoo/tools/lru.py", line 33, in __getitem__
    a = self.d[obj]
        ~~~~~~^^^^^
KeyError: 'odoo18'

During handling of the above exception, another exception occurred:

Traceback (most recent call last):
  File "/home/deepartment/projects/odoo/odoo/http.py", line 1690, in _open_registry
    registry = Registry(self.db)
               ^^^^^^^^^^^^^^^^^
  File "/home/deepartment/projects/odoo/odoo/modules/registry.py", line 108, in __new__
    return cls.new(db_name)
           ^^^^^^^^^^^^^^^^
  File "/home/deepartment/projects/odoo/venv/lib/python3.12/site-packages/decorator.py", line 232, in fun
    return caller(func, *(extras + args), **kw)
           ^^^^^^^^^^^^^^^^^^^^^^^^^^^^^^^^^^^^
  File "/home/deepartment/projects/odoo/odoo/tools/func.py", line 97, in locked
    return func(inst, *args, **kwargs)
           ^^^^^^^^^^^^^^^^^^^^^^^^^^^
  File "/home/deepartment/projects/odoo/odoo/modules/registry.py", line 126, in new
    registry.setup_signaling()
  File "/home/deepartment/projects/odoo/odoo/modules/registry.py", line 847, in setup_signaling
    cr.execute(SQL(
  File "/home/deepartment/projects/odoo/odoo/sql_db.py", line 357, in execute
    res = self._obj.execute(query, params)
          ^^^^^^^^^^^^^^^^^^^^^^^^^^^^^^^^
psycopg2.errors.InsufficientPrivilege: permission denied for schema public

2025-11-27 10:08:48,224 38405 INFO ? werkzeug: 127.0.0.1 - - [27/Nov/2025 10:08:48] "GET /odoo/apps HTTP/1.1" 302 - 3 0.001 0.004
2025-11-27 10:08:48,242 38405 ERROR ? odoo.sql_db: bad query: b'CREATE SEQUENCE "base_registry_signaling" INCREMENT BY 1 START WITH 1'
ERROR: permission denied for schema public
 
2025-11-27 10:08:48,243 38405 ERROR ? odoo.modules.registry: Failed to load registry 
2025-11-27 10:08:48,243 38405 WARNING ? odoo.http: Database or registry unusable, trying without 
Traceback (most recent call last):
  File "/home/deepartment/projects/odoo/odoo/modules/registry.py", line 106, in __new__
    return cls.registries[db_name]
           ~~~~~~~~~~~~~~^^^^^^^^^
  File "/home/deepartment/projects/odoo/venv/lib/python3.12/site-packages/decorator.py", line 232, in fun
    return caller(func, *(extras + args), **kw)
           ^^^^^^^^^^^^^^^^^^^^^^^^^^^^^^^^^^^^
  File "/home/deepartment/projects/odoo/odoo/tools/func.py", line 97, in locked
    return func(inst, *args, **kwargs)
           ^^^^^^^^^^^^^^^^^^^^^^^^^^^
  File "/home/deepartment/projects/odoo/odoo/tools/lru.py", line 33, in __getitem__
    a = self.d[obj]
        ~~~~~~^^^^^
KeyError: 'odoo18'

During handling of the above exception, another exception occurred:

Traceback (most recent call last):
  File "/home/deepartment/projects/odoo/odoo/http.py", line 1690, in _open_registry
    registry = Registry(self.db)
               ^^^^^^^^^^^^^^^^^
  File "/home/deepartment/projects/odoo/odoo/modules/registry.py", line 108, in __new__
    return cls.new(db_name)
           ^^^^^^^^^^^^^^^^
  File "/home/deepartment/projects/odoo/venv/lib/python3.12/site-packages/decorator.py", line 232, in fun
    return caller(func, *(extras + args), **kw)
           ^^^^^^^^^^^^^^^^^^^^^^^^^^^^^^^^^^^^
  File "/home/deepartment/projects/odoo/odoo/tools/func.py", line 97, in locked
    return func(inst, *args, **kwargs)
           ^^^^^^^^^^^^^^^^^^^^^^^^^^^
  File "/home/deepartment/projects/odoo/odoo/modules/registry.py", line 126, in new
    registry.setup_signaling()
  File "/home/deepartment/projects/odoo/odoo/modules/registry.py", line 847, in setup_signaling
    cr.execute(SQL(
  File "/home/deepartment/projects/odoo/odoo/sql_db.py", line 357, in execute
    res = self._obj.execute(query, params)
          ^^^^^^^^^^^^^^^^^^^^^^^^^^^^^^^^
psycopg2.errors.InsufficientPrivilege: permission denied for schema public

2025-11-27 10:08:48,247 38405 INFO ? werkzeug: 127.0.0.1 - - [27/Nov/2025 10:08:48] "GET /odoo/apps HTTP/1.1" 302 - 3 0.001 0.007
2025-11-27 10:08:48,268 38405 ERROR ? odoo.sql_db: bad query: b'CREATE SEQUENCE "base_registry_signaling" INCREMENT BY 1 START WITH 1'
ERROR: permission denied for schema public
 
2025-11-27 10:08:48,269 38405 ERROR ? odoo.modules.registry: Failed to load registry 
2025-11-27 10:08:48,269 38405 WARNING ? odoo.http: Database or registry unusable, trying without 
Traceback (most recent call last):
  File "/home/deepartment/projects/odoo/odoo/modules/registry.py", line 106, in __new__
    return cls.registries[db_name]
           ~~~~~~~~~~~~~~^^^^^^^^^
  File "/home/deepartment/projects/odoo/venv/lib/python3.12/site-packages/decorator.py", line 232, in fun
    return caller(func, *(extras + args), **kw)
           ^^^^^^^^^^^^^^^^^^^^^^^^^^^^^^^^^^^^
  File "/home/deepartment/projects/odoo/odoo/tools/func.py", line 97, in locked
    return func(inst, *args, **kwargs)
           ^^^^^^^^^^^^^^^^^^^^^^^^^^^
  File "/home/deepartment/projects/odoo/odoo/tools/lru.py", line 33, in __getitem__
    a = self.d[obj]
        ~~~~~~^^^^^
KeyError: 'odoo18'

During handling of the above exception, another exception occurred:

Traceback (most recent call last):
  File "/home/deepartment/projects/odoo/odoo/http.py", line 1690, in _open_registry
    registry = Registry(self.db)
               ^^^^^^^^^^^^^^^^^
  File "/home/deepartment/projects/odoo/odoo/modules/registry.py", line 108, in __new__
    return cls.new(db_name)
           ^^^^^^^^^^^^^^^^
  File "/home/deepartment/projects/odoo/venv/lib/python3.12/site-packages/decorator.py", line 232, in fun
    return caller(func, *(extras + args), **kw)
           ^^^^^^^^^^^^^^^^^^^^^^^^^^^^^^^^^^^^
  File "/home/deepartment/projects/odoo/odoo/tools/func.py", line 97, in locked
    return func(inst, *args, **kwargs)
           ^^^^^^^^^^^^^^^^^^^^^^^^^^^
  File "/home/deepartment/projects/odoo/odoo/modules/registry.py", line 126, in new
    registry.setup_signaling()
  File "/home/deepartment/projects/odoo/odoo/modules/registry.py", line 847, in setup_signaling
    cr.execute(SQL(
  File "/home/deepartment/projects/odoo/odoo/sql_db.py", line 357, in execute
    res = self._obj.execute(query, params)
          ^^^^^^^^^^^^^^^^^^^^^^^^^^^^^^^^
psycopg2.errors.InsufficientPrivilege: permission denied for schema public

2025-11-27 10:08:48,271 38405 INFO ? werkzeug: 127.0.0.1 - - [27/Nov/2025 10:08:48] "GET /odoo/apps HTTP/1.1" 302 - 3 0.001 0.005
2025-11-27 10:08:48,293 38405 ERROR ? odoo.sql_db: bad query: b'CREATE SEQUENCE "base_registry_signaling" INCREMENT BY 1 START WITH 1'
ERROR: permission denied for schema public
 
2025-11-27 10:08:48,293 38405 ERROR ? odoo.modules.registry: Failed to load registry 
2025-11-27 10:08:48,294 38405 WARNING ? odoo.http: Database or registry unusable, trying without 
Traceback (most recent call last):
  File "/home/deepartment/projects/odoo/odoo/modules/registry.py", line 106, in __new__
    return cls.registries[db_name]
           ~~~~~~~~~~~~~~^^^^^^^^^
  File "/home/deepartment/projects/odoo/venv/lib/python3.12/site-packages/decorator.py", line 232, in fun
    return caller(func, *(extras + args), **kw)
           ^^^^^^^^^^^^^^^^^^^^^^^^^^^^^^^^^^^^
  File "/home/deepartment/projects/odoo/odoo/tools/func.py", line 97, in locked
    return func(inst, *args, **kwargs)
           ^^^^^^^^^^^^^^^^^^^^^^^^^^^
  File "/home/deepartment/projects/odoo/odoo/tools/lru.py", line 33, in __getitem__
    a = self.d[obj]
        ~~~~~~^^^^^
KeyError: 'odoo18'

During handling of the above exception, another exception occurred:

Traceback (most recent call last):
  File "/home/deepartment/projects/odoo/odoo/http.py", line 1690, in _open_registry
    registry = Registry(self.db)
               ^^^^^^^^^^^^^^^^^
  File "/home/deepartment/projects/odoo/odoo/modules/registry.py", line 108, in __new__
    return cls.new(db_name)
           ^^^^^^^^^^^^^^^^
  File "/home/deepartment/projects/odoo/venv/lib/python3.12/site-packages/decorator.py", line 232, in fun
    return caller(func, *(extras + args), **kw)
           ^^^^^^^^^^^^^^^^^^^^^^^^^^^^^^^^^^^^
  File "/home/deepartment/projects/odoo/odoo/tools/func.py", line 97, in locked
    return func(inst, *args, **kwargs)
           ^^^^^^^^^^^^^^^^^^^^^^^^^^^
  File "/home/deepartment/projects/odoo/odoo/modules/registry.py", line 126, in new
    registry.setup_signaling()
  File "/home/deepartment/projects/odoo/odoo/modules/registry.py", line 847, in setup_signaling
    cr.execute(SQL(
  File "/home/deepartment/projects/odoo/odoo/sql_db.py", line 357, in execute
    res = self._obj.execute(query, params)
          ^^^^^^^^^^^^^^^^^^^^^^^^^^^^^^^^
psycopg2.errors.InsufficientPrivilege: permission denied for schema public

2025-11-27 10:08:48,296 38405 INFO ? werkzeug: 127.0.0.1 - - [27/Nov/2025 10:08:48] "GET /odoo/apps HTTP/1.1" 302 - 3 0.003 0.006
2025-11-27 10:08:48,312 38405 ERROR ? odoo.sql_db: bad query: b'CREATE SEQUENCE "base_registry_signaling" INCREMENT BY 1 START WITH 1'
ERROR: permission denied for schema public
 
2025-11-27 10:08:48,312 38405 ERROR ? odoo.modules.registry: Failed to load registry 
2025-11-27 10:08:48,312 38405 WARNING ? odoo.http: Database or registry unusable, trying without 
Traceback (most recent call last):
  File "/home/deepartment/projects/odoo/odoo/modules/registry.py", line 106, in __new__
    return cls.registries[db_name]
           ~~~~~~~~~~~~~~^^^^^^^^^
  File "/home/deepartment/projects/odoo/venv/lib/python3.12/site-packages/decorator.py", line 232, in fun
    return caller(func, *(extras + args), **kw)
           ^^^^^^^^^^^^^^^^^^^^^^^^^^^^^^^^^^^^
  File "/home/deepartment/projects/odoo/odoo/tools/func.py", line 97, in locked
    return func(inst, *args, **kwargs)
           ^^^^^^^^^^^^^^^^^^^^^^^^^^^
  File "/home/deepartment/projects/odoo/odoo/tools/lru.py", line 33, in __getitem__
    a = self.d[obj]
        ~~~~~~^^^^^
KeyError: 'odoo18'

During handling of the above exception, another exception occurred:

Traceback (most recent call last):
  File "/home/deepartment/projects/odoo/odoo/http.py", line 1690, in _open_registry
    registry = Registry(self.db)
               ^^^^^^^^^^^^^^^^^
  File "/home/deepartment/projects/odoo/odoo/modules/registry.py", line 108, in __new__
    return cls.new(db_name)
           ^^^^^^^^^^^^^^^^
  File "/home/deepartment/projects/odoo/venv/lib/python3.12/site-packages/decorator.py", line 232, in fun
    return caller(func, *(extras + args), **kw)
           ^^^^^^^^^^^^^^^^^^^^^^^^^^^^^^^^^^^^
  File "/home/deepartment/projects/odoo/odoo/tools/func.py", line 97, in locked
    return func(inst, *args, **kwargs)
           ^^^^^^^^^^^^^^^^^^^^^^^^^^^
  File "/home/deepartment/projects/odoo/odoo/modules/registry.py", line 126, in new
    registry.setup_signaling()
  File "/home/deepartment/projects/odoo/odoo/modules/registry.py", line 847, in setup_signaling
    cr.execute(SQL(
  File "/home/deepartment/projects/odoo/odoo/sql_db.py", line 357, in execute
    res = self._obj.execute(query, params)
          ^^^^^^^^^^^^^^^^^^^^^^^^^^^^^^^^
psycopg2.errors.InsufficientPrivilege: permission denied for schema public

2025-11-27 10:08:48,315 38405 INFO ? werkzeug: 127.0.0.1 - - [27/Nov/2025 10:08:48] "GET /odoo/apps HTTP/1.1" 302 - 3 0.001 0.005
2025-11-27 10:08:48,334 38405 ERROR ? odoo.sql_db: bad query: b'CREATE SEQUENCE "base_registry_signaling" INCREMENT BY 1 START WITH 1'
ERROR: permission denied for schema public
 
2025-11-27 10:08:48,335 38405 ERROR ? odoo.modules.registry: Failed to load registry 
2025-11-27 10:08:48,335 38405 WARNING ? odoo.http: Database or registry unusable, trying without 
Traceback (most recent call last):
  File "/home/deepartment/projects/odoo/odoo/modules/registry.py", line 106, in __new__
    return cls.registries[db_name]
           ~~~~~~~~~~~~~~^^^^^^^^^
  File "/home/deepartment/projects/odoo/venv/lib/python3.12/site-packages/decorator.py", line 232, in fun
    return caller(func, *(extras + args), **kw)
           ^^^^^^^^^^^^^^^^^^^^^^^^^^^^^^^^^^^^
  File "/home/deepartment/projects/odoo/odoo/tools/func.py", line 97, in locked
    return func(inst, *args, **kwargs)
           ^^^^^^^^^^^^^^^^^^^^^^^^^^^
  File "/home/deepartment/projects/odoo/odoo/tools/lru.py", line 33, in __getitem__
    a = self.d[obj]
        ~~~~~~^^^^^
KeyError: 'odoo18'

During handling of the above exception, another exception occurred:

Traceback (most recent call last):
  File "/home/deepartment/projects/odoo/odoo/http.py", line 1690, in _open_registry
    registry = Registry(self.db)
               ^^^^^^^^^^^^^^^^^
  File "/home/deepartment/projects/odoo/odoo/modules/registry.py", line 108, in __new__
    return cls.new(db_name)
           ^^^^^^^^^^^^^^^^
  File "/home/deepartment/projects/odoo/venv/lib/python3.12/site-packages/decorator.py", line 232, in fun
    return caller(func, *(extras + args), **kw)
           ^^^^^^^^^^^^^^^^^^^^^^^^^^^^^^^^^^^^
  File "/home/deepartment/projects/odoo/odoo/tools/func.py", line 97, in locked
    return func(inst, *args, **kwargs)
           ^^^^^^^^^^^^^^^^^^^^^^^^^^^
  File "/home/deepartment/projects/odoo/odoo/modules/registry.py", line 126, in new
    registry.setup_signaling()
  File "/home/deepartment/projects/odoo/odoo/modules/registry.py", line 847, in setup_signaling
    cr.execute(SQL(
  File "/home/deepartment/projects/odoo/odoo/sql_db.py", line 357, in execute
    res = self._obj.execute(query, params)
          ^^^^^^^^^^^^^^^^^^^^^^^^^^^^^^^^
psycopg2.errors.InsufficientPrivilege: permission denied for schema public

2025-11-27 10:08:48,338 38405 INFO ? werkzeug: 127.0.0.1 - - [27/Nov/2025 10:08:48] "GET /odoo/apps HTTP/1.1" 302 - 3 0.002 0.006
2025-11-27 10:08:48,357 38405 ERROR ? odoo.sql_db: bad query: b'CREATE SEQUENCE "base_registry_signaling" INCREMENT BY 1 START WITH 1'
ERROR: permission denied for schema public
 
2025-11-27 10:08:48,358 38405 ERROR ? odoo.modules.registry: Failed to load registry 
2025-11-27 10:08:48,358 38405 WARNING ? odoo.http: Database or registry unusable, trying without 
Traceback (most recent call last):
  File "/home/deepartment/projects/odoo/odoo/modules/registry.py", line 106, in __new__
    return cls.registries[db_name]
           ~~~~~~~~~~~~~~^^^^^^^^^
  File "/home/deepartment/projects/odoo/venv/lib/python3.12/site-packages/decorator.py", line 232, in fun
    return caller(func, *(extras + args), **kw)
           ^^^^^^^^^^^^^^^^^^^^^^^^^^^^^^^^^^^^
  File "/home/deepartment/projects/odoo/odoo/tools/func.py", line 97, in locked
    return func(inst, *args, **kwargs)
           ^^^^^^^^^^^^^^^^^^^^^^^^^^^
  File "/home/deepartment/projects/odoo/odoo/tools/lru.py", line 33, in __getitem__
    a = self.d[obj]
        ~~~~~~^^^^^
KeyError: 'odoo18'

During handling of the above exception, another exception occurred:

Traceback (most recent call last):
  File "/home/deepartment/projects/odoo/odoo/http.py", line 1690, in _open_registry
    registry = Registry(self.db)
               ^^^^^^^^^^^^^^^^^
  File "/home/deepartment/projects/odoo/odoo/modules/registry.py", line 108, in __new__
    return cls.new(db_name)
           ^^^^^^^^^^^^^^^^
  File "/home/deepartment/projects/odoo/venv/lib/python3.12/site-packages/decorator.py", line 232, in fun
    return caller(func, *(extras + args), **kw)
           ^^^^^^^^^^^^^^^^^^^^^^^^^^^^^^^^^^^^
  File "/home/deepartment/projects/odoo/odoo/tools/func.py", line 97, in locked
    return func(inst, *args, **kwargs)
           ^^^^^^^^^^^^^^^^^^^^^^^^^^^
  File "/home/deepartment/projects/odoo/odoo/modules/registry.py", line 126, in new
    registry.setup_signaling()
  File "/home/deepartment/projects/odoo/odoo/modules/registry.py", line 847, in setup_signaling
    cr.execute(SQL(
  File "/home/deepartment/projects/odoo/odoo/sql_db.py", line 357, in execute
    res = self._obj.execute(query, params)
          ^^^^^^^^^^^^^^^^^^^^^^^^^^^^^^^^
psycopg2.errors.InsufficientPrivilege: permission denied for schema public

2025-11-27 10:08:48,361 38405 INFO ? werkzeug: 127.0.0.1 - - [27/Nov/2025 10:08:48] "GET /odoo/apps HTTP/1.1" 302 - 3 0.001 0.006
2025-11-27 10:08:48,377 38405 ERROR ? odoo.sql_db: bad query: b'CREATE SEQUENCE "base_registry_signaling" INCREMENT BY 1 START WITH 1'
ERROR: permission denied for schema public
 
2025-11-27 10:08:48,378 38405 ERROR ? odoo.modules.registry: Failed to load registry 
2025-11-27 10:08:48,378 38405 WARNING ? odoo.http: Database or registry unusable, trying without 
Traceback (most recent call last):
  File "/home/deepartment/projects/odoo/odoo/modules/registry.py", line 106, in __new__
    return cls.registries[db_name]
           ~~~~~~~~~~~~~~^^^^^^^^^
  File "/home/deepartment/projects/odoo/venv/lib/python3.12/site-packages/decorator.py", line 232, in fun
    return caller(func, *(extras + args), **kw)
           ^^^^^^^^^^^^^^^^^^^^^^^^^^^^^^^^^^^^
  File "/home/deepartment/projects/odoo/odoo/tools/func.py", line 97, in locked
    return func(inst, *args, **kwargs)
           ^^^^^^^^^^^^^^^^^^^^^^^^^^^
  File "/home/deepartment/projects/odoo/odoo/tools/lru.py", line 33, in __getitem__
    a = self.d[obj]
        ~~~~~~^^^^^
KeyError: 'odoo18'

During handling of the above exception, another exception occurred:

Traceback (most recent call last):
  File "/home/deepartment/projects/odoo/odoo/http.py", line 1690, in _open_registry
    registry = Registry(self.db)
               ^^^^^^^^^^^^^^^^^
  File "/home/deepartment/projects/odoo/odoo/modules/registry.py", line 108, in __new__
    return cls.new(db_name)
           ^^^^^^^^^^^^^^^^
  File "/home/deepartment/projects/odoo/venv/lib/python3.12/site-packages/decorator.py", line 232, in fun
    return caller(func, *(extras + args), **kw)
           ^^^^^^^^^^^^^^^^^^^^^^^^^^^^^^^^^^^^
  File "/home/deepartment/projects/odoo/odoo/tools/func.py", line 97, in locked
    return func(inst, *args, **kwargs)
           ^^^^^^^^^^^^^^^^^^^^^^^^^^^
  File "/home/deepartment/projects/odoo/odoo/modules/registry.py", line 126, in new
    registry.setup_signaling()
  File "/home/deepartment/projects/odoo/odoo/modules/registry.py", line 847, in setup_signaling
    cr.execute(SQL(
  File "/home/deepartment/projects/odoo/odoo/sql_db.py", line 357, in execute
    res = self._obj.execute(query, params)
          ^^^^^^^^^^^^^^^^^^^^^^^^^^^^^^^^
psycopg2.errors.InsufficientPrivilege: permission denied for schema public

2025-11-27 10:08:48,382 38405 INFO ? werkzeug: 127.0.0.1 - - [27/Nov/2025 10:08:48] "GET /odoo/apps HTTP/1.1" 302 - 3 0.001 0.007
2025-11-27 10:08:48,399 38405 ERROR ? odoo.sql_db: bad query: b'CREATE SEQUENCE "base_registry_signaling" INCREMENT BY 1 START WITH 1'
ERROR: permission denied for schema public
 
2025-11-27 10:08:48,399 38405 ERROR ? odoo.modules.registry: Failed to load registry 
2025-11-27 10:08:48,399 38405 WARNING ? odoo.http: Database or registry unusable, trying without 
Traceback (most recent call last):
  File "/home/deepartment/projects/odoo/odoo/modules/registry.py", line 106, in __new__
    return cls.registries[db_name]
           ~~~~~~~~~~~~~~^^^^^^^^^
  File "/home/deepartment/projects/odoo/venv/lib/python3.12/site-packages/decorator.py", line 232, in fun
    return caller(func, *(extras + args), **kw)
           ^^^^^^^^^^^^^^^^^^^^^^^^^^^^^^^^^^^^
  File "/home/deepartment/projects/odoo/odoo/tools/func.py", line 97, in locked
    return func(inst, *args, **kwargs)
           ^^^^^^^^^^^^^^^^^^^^^^^^^^^
  File "/home/deepartment/projects/odoo/odoo/tools/lru.py", line 33, in __getitem__
    a = self.d[obj]
        ~~~~~~^^^^^
KeyError: 'odoo18'

During handling of the above exception, another exception occurred:

Traceback (most recent call last):
  File "/home/deepartment/projects/odoo/odoo/http.py", line 1690, in _open_registry
    registry = Registry(self.db)
               ^^^^^^^^^^^^^^^^^
  File "/home/deepartment/projects/odoo/odoo/modules/registry.py", line 108, in __new__
    return cls.new(db_name)
           ^^^^^^^^^^^^^^^^
  File "/home/deepartment/projects/odoo/venv/lib/python3.12/site-packages/decorator.py", line 232, in fun
    return caller(func, *(extras + args), **kw)
           ^^^^^^^^^^^^^^^^^^^^^^^^^^^^^^^^^^^^
  File "/home/deepartment/projects/odoo/odoo/tools/func.py", line 97, in locked
    return func(inst, *args, **kwargs)
           ^^^^^^^^^^^^^^^^^^^^^^^^^^^
  File "/home/deepartment/projects/odoo/odoo/modules/registry.py", line 126, in new
    registry.setup_signaling()
  File "/home/deepartment/projects/odoo/odoo/modules/registry.py", line 847, in setup_signaling
    cr.execute(SQL(
  File "/home/deepartment/projects/odoo/odoo/sql_db.py", line 357, in execute
    res = self._obj.execute(query, params)
          ^^^^^^^^^^^^^^^^^^^^^^^^^^^^^^^^
psycopg2.errors.InsufficientPrivilege: permission denied for schema public

2025-11-27 10:08:48,402 38405 INFO ? werkzeug: 127.0.0.1 - - [27/Nov/2025 10:08:48] "GET /odoo/apps HTTP/1.1" 302 - 3 0.002 0.005
2025-11-27 10:08:48,419 38405 ERROR ? odoo.sql_db: bad query: b'CREATE SEQUENCE "base_registry_signaling" INCREMENT BY 1 START WITH 1'
ERROR: permission denied for schema public
 
2025-11-27 10:08:48,420 38405 ERROR ? odoo.modules.registry: Failed to load registry 
2025-11-27 10:08:48,420 38405 WARNING ? odoo.http: Database or registry unusable, trying without 
Traceback (most recent call last):
  File "/home/deepartment/projects/odoo/odoo/modules/registry.py", line 106, in __new__
    return cls.registries[db_name]
           ~~~~~~~~~~~~~~^^^^^^^^^
  File "/home/deepartment/projects/odoo/venv/lib/python3.12/site-packages/decorator.py", line 232, in fun
    return caller(func, *(extras + args), **kw)
           ^^^^^^^^^^^^^^^^^^^^^^^^^^^^^^^^^^^^
  File "/home/deepartment/projects/odoo/odoo/tools/func.py", line 97, in locked
    return func(inst, *args, **kwargs)
           ^^^^^^^^^^^^^^^^^^^^^^^^^^^
  File "/home/deepartment/projects/odoo/odoo/tools/lru.py", line 33, in __getitem__
    a = self.d[obj]
        ~~~~~~^^^^^
KeyError: 'odoo18'

During handling of the above exception, another exception occurred:

Traceback (most recent call last):
  File "/home/deepartment/projects/odoo/odoo/http.py", line 1690, in _open_registry
    registry = Registry(self.db)
               ^^^^^^^^^^^^^^^^^
  File "/home/deepartment/projects/odoo/odoo/modules/registry.py", line 108, in __new__
    return cls.new(db_name)
           ^^^^^^^^^^^^^^^^
  File "/home/deepartment/projects/odoo/venv/lib/python3.12/site-packages/decorator.py", line 232, in fun
    return caller(func, *(extras + args), **kw)
           ^^^^^^^^^^^^^^^^^^^^^^^^^^^^^^^^^^^^
  File "/home/deepartment/projects/odoo/odoo/tools/func.py", line 97, in locked
    return func(inst, *args, **kwargs)
           ^^^^^^^^^^^^^^^^^^^^^^^^^^^
  File "/home/deepartment/projects/odoo/odoo/modules/registry.py", line 126, in new
    registry.setup_signaling()
  File "/home/deepartment/projects/odoo/odoo/modules/registry.py", line 847, in setup_signaling
    cr.execute(SQL(
  File "/home/deepartment/projects/odoo/odoo/sql_db.py", line 357, in execute
    res = self._obj.execute(query, params)
          ^^^^^^^^^^^^^^^^^^^^^^^^^^^^^^^^
psycopg2.errors.InsufficientPrivilege: permission denied for schema public

2025-11-27 10:08:48,424 38405 INFO ? werkzeug: 127.0.0.1 - - [27/Nov/2025 10:08:48] "GET /odoo/apps HTTP/1.1" 302 - 3 0.002 0.006
2025-11-27 10:08:48,440 38405 ERROR ? odoo.sql_db: bad query: b'CREATE SEQUENCE "base_registry_signaling" INCREMENT BY 1 START WITH 1'
ERROR: permission denied for schema public
 
2025-11-27 10:08:48,440 38405 ERROR ? odoo.modules.registry: Failed to load registry 
2025-11-27 10:08:48,440 38405 WARNING ? odoo.http: Database or registry unusable, trying without 
Traceback (most recent call last):
  File "/home/deepartment/projects/odoo/odoo/modules/registry.py", line 106, in __new__
    return cls.registries[db_name]
           ~~~~~~~~~~~~~~^^^^^^^^^
  File "/home/deepartment/projects/odoo/venv/lib/python3.12/site-packages/decorator.py", line 232, in fun
    return caller(func, *(extras + args), **kw)
           ^^^^^^^^^^^^^^^^^^^^^^^^^^^^^^^^^^^^
  File "/home/deepartment/projects/odoo/odoo/tools/func.py", line 97, in locked
    return func(inst, *args, **kwargs)
           ^^^^^^^^^^^^^^^^^^^^^^^^^^^
  File "/home/deepartment/projects/odoo/odoo/tools/lru.py", line 33, in __getitem__
    a = self.d[obj]
        ~~~~~~^^^^^
KeyError: 'odoo18'

During handling of the above exception, another exception occurred:

Traceback (most recent call last):
  File "/home/deepartment/projects/odoo/odoo/http.py", line 1690, in _open_registry
    registry = Registry(self.db)
               ^^^^^^^^^^^^^^^^^
  File "/home/deepartment/projects/odoo/odoo/modules/registry.py", line 108, in __new__
    return cls.new(db_name)
           ^^^^^^^^^^^^^^^^
  File "/home/deepartment/projects/odoo/venv/lib/python3.12/site-packages/decorator.py", line 232, in fun
    return caller(func, *(extras + args), **kw)
           ^^^^^^^^^^^^^^^^^^^^^^^^^^^^^^^^^^^^
  File "/home/deepartment/projects/odoo/odoo/tools/func.py", line 97, in locked
    return func(inst, *args, **kwargs)
           ^^^^^^^^^^^^^^^^^^^^^^^^^^^
  File "/home/deepartment/projects/odoo/odoo/modules/registry.py", line 126, in new
    registry.setup_signaling()
  File "/home/deepartment/projects/odoo/odoo/modules/registry.py", line 847, in setup_signaling
    cr.execute(SQL(
  File "/home/deepartment/projects/odoo/odoo/sql_db.py", line 357, in execute
    res = self._obj.execute(query, params)
          ^^^^^^^^^^^^^^^^^^^^^^^^^^^^^^^^
psycopg2.errors.InsufficientPrivilege: permission denied for schema public

2025-11-27 10:08:48,444 38405 INFO ? werkzeug: 127.0.0.1 - - [27/Nov/2025 10:08:48] "GET /odoo/apps HTTP/1.1" 302 - 3 0.001 0.006
2025-11-27 10:08:48,465 38405 ERROR ? odoo.sql_db: bad query: b'CREATE SEQUENCE "base_registry_signaling" INCREMENT BY 1 START WITH 1'
ERROR: permission denied for schema public
 
2025-11-27 10:08:48,465 38405 ERROR ? odoo.modules.registry: Failed to load registry 
2025-11-27 10:08:48,465 38405 WARNING ? odoo.http: Database or registry unusable, trying without 
Traceback (most recent call last):
  File "/home/deepartment/projects/odoo/odoo/modules/registry.py", line 106, in __new__
    return cls.registries[db_name]
           ~~~~~~~~~~~~~~^^^^^^^^^
  File "/home/deepartment/projects/odoo/venv/lib/python3.12/site-packages/decorator.py", line 232, in fun
    return caller(func, *(extras + args), **kw)
           ^^^^^^^^^^^^^^^^^^^^^^^^^^^^^^^^^^^^
  File "/home/deepartment/projects/odoo/odoo/tools/func.py", line 97, in locked
    return func(inst, *args, **kwargs)
           ^^^^^^^^^^^^^^^^^^^^^^^^^^^
  File "/home/deepartment/projects/odoo/odoo/tools/lru.py", line 33, in __getitem__
    a = self.d[obj]
        ~~~~~~^^^^^
KeyError: 'odoo18'

During handling of the above exception, another exception occurred:

Traceback (most recent call last):
  File "/home/deepartment/projects/odoo/odoo/http.py", line 1690, in _open_registry
    registry = Registry(self.db)
               ^^^^^^^^^^^^^^^^^
  File "/home/deepartment/projects/odoo/odoo/modules/registry.py", line 108, in __new__
    return cls.new(db_name)
           ^^^^^^^^^^^^^^^^
  File "/home/deepartment/projects/odoo/venv/lib/python3.12/site-packages/decorator.py", line 232, in fun
    return caller(func, *(extras + args), **kw)
           ^^^^^^^^^^^^^^^^^^^^^^^^^^^^^^^^^^^^
  File "/home/deepartment/projects/odoo/odoo/tools/func.py", line 97, in locked
    return func(inst, *args, **kwargs)
           ^^^^^^^^^^^^^^^^^^^^^^^^^^^
  File "/home/deepartment/projects/odoo/odoo/modules/registry.py", line 126, in new
    registry.setup_signaling()
  File "/home/deepartment/projects/odoo/odoo/modules/registry.py", line 847, in setup_signaling
    cr.execute(SQL(
  File "/home/deepartment/projects/odoo/odoo/sql_db.py", line 357, in execute
    res = self._obj.execute(query, params)
          ^^^^^^^^^^^^^^^^^^^^^^^^^^^^^^^^
psycopg2.errors.InsufficientPrivilege: permission denied for schema public

2025-11-27 10:08:48,468 38405 INFO ? werkzeug: 127.0.0.1 - - [27/Nov/2025 10:08:48] "GET /odoo/apps HTTP/1.1" 302 - 3 0.002 0.006
2025-11-27 10:08:48,512 38405 ERROR ? odoo.sql_db: bad query: b'CREATE SEQUENCE "base_registry_signaling" INCREMENT BY 1 START WITH 1'
ERROR: permission denied for schema public
 
2025-11-27 10:08:48,512 38405 ERROR ? odoo.modules.registry: Failed to load registry 
2025-11-27 10:08:48,512 38405 WARNING ? odoo.http: Database or registry unusable, trying without 
Traceback (most recent call last):
  File "/home/deepartment/projects/odoo/odoo/modules/registry.py", line 106, in __new__
    return cls.registries[db_name]
           ~~~~~~~~~~~~~~^^^^^^^^^
  File "/home/deepartment/projects/odoo/venv/lib/python3.12/site-packages/decorator.py", line 232, in fun
    return caller(func, *(extras + args), **kw)
           ^^^^^^^^^^^^^^^^^^^^^^^^^^^^^^^^^^^^
  File "/home/deepartment/projects/odoo/odoo/tools/func.py", line 97, in locked
    return func(inst, *args, **kwargs)
           ^^^^^^^^^^^^^^^^^^^^^^^^^^^
  File "/home/deepartment/projects/odoo/odoo/tools/lru.py", line 33, in __getitem__
    a = self.d[obj]
        ~~~~~~^^^^^
KeyError: 'odoo18'

During handling of the above exception, another exception occurred:

Traceback (most recent call last):
  File "/home/deepartment/projects/odoo/odoo/http.py", line 1690, in _open_registry
    registry = Registry(self.db)
               ^^^^^^^^^^^^^^^^^
  File "/home/deepartment/projects/odoo/odoo/modules/registry.py", line 108, in __new__
    return cls.new(db_name)
           ^^^^^^^^^^^^^^^^
  File "/home/deepartment/projects/odoo/venv/lib/python3.12/site-packages/decorator.py", line 232, in fun
    return caller(func, *(extras + args), **kw)
           ^^^^^^^^^^^^^^^^^^^^^^^^^^^^^^^^^^^^
  File "/home/deepartment/projects/odoo/odoo/tools/func.py", line 97, in locked
    return func(inst, *args, **kwargs)
           ^^^^^^^^^^^^^^^^^^^^^^^^^^^
  File "/home/deepartment/projects/odoo/odoo/modules/registry.py", line 126, in new
    registry.setup_signaling()
  File "/home/deepartment/projects/odoo/odoo/modules/registry.py", line 847, in setup_signaling
    cr.execute(SQL(
  File "/home/deepartment/projects/odoo/odoo/sql_db.py", line 357, in execute
    res = self._obj.execute(query, params)
          ^^^^^^^^^^^^^^^^^^^^^^^^^^^^^^^^
psycopg2.errors.InsufficientPrivilege: permission denied for schema public

2025-11-27 10:08:48,515 38405 INFO ? werkzeug: 127.0.0.1 - - [27/Nov/2025 10:08:48] "GET /odoo/apps HTTP/1.1" 302 - 3 0.002 0.005
2025-11-27 10:08:48,534 38405 ERROR ? odoo.sql_db: bad query: b'CREATE SEQUENCE "base_registry_signaling" INCREMENT BY 1 START WITH 1'
ERROR: permission denied for schema public
 
2025-11-27 10:08:48,535 38405 ERROR ? odoo.modules.registry: Failed to load registry 
2025-11-27 10:08:48,535 38405 WARNING ? odoo.http: Database or registry unusable, trying without 
Traceback (most recent call last):
  File "/home/deepartment/projects/odoo/odoo/modules/registry.py", line 106, in __new__
    return cls.registries[db_name]
           ~~~~~~~~~~~~~~^^^^^^^^^
  File "/home/deepartment/projects/odoo/venv/lib/python3.12/site-packages/decorator.py", line 232, in fun
    return caller(func, *(extras + args), **kw)
           ^^^^^^^^^^^^^^^^^^^^^^^^^^^^^^^^^^^^
  File "/home/deepartment/projects/odoo/odoo/tools/func.py", line 97, in locked
    return func(inst, *args, **kwargs)
           ^^^^^^^^^^^^^^^^^^^^^^^^^^^
  File "/home/deepartment/projects/odoo/odoo/tools/lru.py", line 33, in __getitem__
    a = self.d[obj]
        ~~~~~~^^^^^
KeyError: 'odoo18'

During handling of the above exception, another exception occurred:

Traceback (most recent call last):
  File "/home/deepartment/projects/odoo/odoo/http.py", line 1690, in _open_registry
    registry = Registry(self.db)
               ^^^^^^^^^^^^^^^^^
  File "/home/deepartment/projects/odoo/odoo/modules/registry.py", line 108, in __new__
    return cls.new(db_name)
           ^^^^^^^^^^^^^^^^
  File "/home/deepartment/projects/odoo/venv/lib/python3.12/site-packages/decorator.py", line 232, in fun
    return caller(func, *(extras + args), **kw)
           ^^^^^^^^^^^^^^^^^^^^^^^^^^^^^^^^^^^^
  File "/home/deepartment/projects/odoo/odoo/tools/func.py", line 97, in locked
    return func(inst, *args, **kwargs)
           ^^^^^^^^^^^^^^^^^^^^^^^^^^^
  File "/home/deepartment/projects/odoo/odoo/modules/registry.py", line 126, in new
    registry.setup_signaling()
  File "/home/deepartment/projects/odoo/odoo/modules/registry.py", line 847, in setup_signaling
    cr.execute(SQL(
  File "/home/deepartment/projects/odoo/odoo/sql_db.py", line 357, in execute
    res = self._obj.execute(query, params)
          ^^^^^^^^^^^^^^^^^^^^^^^^^^^^^^^^
psycopg2.errors.InsufficientPrivilege: permission denied for schema public

2025-11-27 10:08:48,538 38405 INFO ? werkzeug: 127.0.0.1 - - [27/Nov/2025 10:08:48] "GET /odoo/apps HTTP/1.1" 302 - 3 0.002 0.006
2025-11-27 10:08:48,556 38405 ERROR ? odoo.sql_db: bad query: b'CREATE SEQUENCE "base_registry_signaling" INCREMENT BY 1 START WITH 1'
ERROR: permission denied for schema public
 
2025-11-27 10:08:48,556 38405 ERROR ? odoo.modules.registry: Failed to load registry 
2025-11-27 10:08:48,556 38405 WARNING ? odoo.http: Database or registry unusable, trying without 
Traceback (most recent call last):
  File "/home/deepartment/projects/odoo/odoo/modules/registry.py", line 106, in __new__
    return cls.registries[db_name]
           ~~~~~~~~~~~~~~^^^^^^^^^
  File "/home/deepartment/projects/odoo/venv/lib/python3.12/site-packages/decorator.py", line 232, in fun
    return caller(func, *(extras + args), **kw)
           ^^^^^^^^^^^^^^^^^^^^^^^^^^^^^^^^^^^^
  File "/home/deepartment/projects/odoo/odoo/tools/func.py", line 97, in locked
    return func(inst, *args, **kwargs)
           ^^^^^^^^^^^^^^^^^^^^^^^^^^^
  File "/home/deepartment/projects/odoo/odoo/tools/lru.py", line 33, in __getitem__
    a = self.d[obj]
        ~~~~~~^^^^^
KeyError: 'odoo18'

During handling of the above exception, another exception occurred:

Traceback (most recent call last):
  File "/home/deepartment/projects/odoo/odoo/http.py", line 1690, in _open_registry
    registry = Registry(self.db)
               ^^^^^^^^^^^^^^^^^
  File "/home/deepartment/projects/odoo/odoo/modules/registry.py", line 108, in __new__
    return cls.new(db_name)
           ^^^^^^^^^^^^^^^^
  File "/home/deepartment/projects/odoo/venv/lib/python3.12/site-packages/decorator.py", line 232, in fun
    return caller(func, *(extras + args), **kw)
           ^^^^^^^^^^^^^^^^^^^^^^^^^^^^^^^^^^^^
  File "/home/deepartment/projects/odoo/odoo/tools/func.py", line 97, in locked
    return func(inst, *args, **kwargs)
           ^^^^^^^^^^^^^^^^^^^^^^^^^^^
  File "/home/deepartment/projects/odoo/odoo/modules/registry.py", line 126, in new
    registry.setup_signaling()
  File "/home/deepartment/projects/odoo/odoo/modules/registry.py", line 847, in setup_signaling
    cr.execute(SQL(
  File "/home/deepartment/projects/odoo/odoo/sql_db.py", line 357, in execute
    res = self._obj.execute(query, params)
          ^^^^^^^^^^^^^^^^^^^^^^^^^^^^^^^^
psycopg2.errors.InsufficientPrivilege: permission denied for schema public

2025-11-27 10:08:48,559 38405 INFO ? werkzeug: 127.0.0.1 - - [27/Nov/2025 10:08:48] "GET /odoo/apps HTTP/1.1" 302 - 3 0.001 0.005
2025-11-27 10:08:49,052 38405 ERROR ? odoo.sql_db: bad query: b'CREATE SEQUENCE "base_registry_signaling" INCREMENT BY 1 START WITH 1'
ERROR: permission denied for schema public
 
2025-11-27 10:08:49,053 38405 ERROR ? odoo.modules.registry: Failed to load registry 
2025-11-27 10:08:49,053 38405 WARNING ? odoo.http: Database or registry unusable, trying without 
Traceback (most recent call last):
  File "/home/deepartment/projects/odoo/odoo/modules/registry.py", line 106, in __new__
    return cls.registries[db_name]
           ~~~~~~~~~~~~~~^^^^^^^^^
  File "/home/deepartment/projects/odoo/venv/lib/python3.12/site-packages/decorator.py", line 232, in fun
    return caller(func, *(extras + args), **kw)
           ^^^^^^^^^^^^^^^^^^^^^^^^^^^^^^^^^^^^
  File "/home/deepartment/projects/odoo/odoo/tools/func.py", line 97, in locked
    return func(inst, *args, **kwargs)
           ^^^^^^^^^^^^^^^^^^^^^^^^^^^
  File "/home/deepartment/projects/odoo/odoo/tools/lru.py", line 33, in __getitem__
    a = self.d[obj]
        ~~~~~~^^^^^
KeyError: 'odoo18'

During handling of the above exception, another exception occurred:

Traceback (most recent call last):
  File "/home/deepartment/projects/odoo/odoo/http.py", line 1690, in _open_registry
    registry = Registry(self.db)
               ^^^^^^^^^^^^^^^^^
  File "/home/deepartment/projects/odoo/odoo/modules/registry.py", line 108, in __new__
    return cls.new(db_name)
           ^^^^^^^^^^^^^^^^
  File "/home/deepartment/projects/odoo/venv/lib/python3.12/site-packages/decorator.py", line 232, in fun
    return caller(func, *(extras + args), **kw)
           ^^^^^^^^^^^^^^^^^^^^^^^^^^^^^^^^^^^^
  File "/home/deepartment/projects/odoo/odoo/tools/func.py", line 97, in locked
    return func(inst, *args, **kwargs)
           ^^^^^^^^^^^^^^^^^^^^^^^^^^^
  File "/home/deepartment/projects/odoo/odoo/modules/registry.py", line 126, in new
    registry.setup_signaling()
  File "/home/deepartment/projects/odoo/odoo/modules/registry.py", line 847, in setup_signaling
    cr.execute(SQL(
  File "/home/deepartment/projects/odoo/odoo/sql_db.py", line 357, in execute
    res = self._obj.execute(query, params)
          ^^^^^^^^^^^^^^^^^^^^^^^^^^^^^^^^
psycopg2.errors.InsufficientPrivilege: permission denied for schema public

2025-11-27 10:08:49,055 38405 INFO ? werkzeug: 127.0.0.1 - - [27/Nov/2025 10:08:49] "GET /web/service-worker.js HTTP/1.1" 404 - 3 0.003 0.007
2025-11-27 10:08:55,292 38405 INFO odoo18 odoo.service.server: Initiating shutdown 
2025-11-27 10:08:55,292 38405 INFO odoo18 odoo.service.server: Hit CTRL-C again or send a second signal to force the shutdown. 
2025-11-27 10:08:55,556 38405 INFO odoo18 odoo.sql_db: ConnectionPool(read/write;used=0/count=0/max=64): Closed 3 connections  
2025-11-27 10:12:12,113 39112 INFO ? odoo: Odoo version 18.0 
2025-11-27 10:12:12,113 39112 INFO ? odoo: Using configuration file at /home/deepartment/projects/odoo/odoo.conf 
2025-11-27 10:12:12,113 39112 INFO ? odoo: addons paths: ['/home/deepartment/projects/odoo/odoo/addons', '/home/deepartment/.local/share/Odoo/addons/18.0', '/home/deepartment/projects/odoo/addons'] 
2025-11-27 10:12:12,113 39112 INFO ? odoo: database: odoo18_user@localhost:5432 
2025-11-27 10:12:12,272 39112 INFO ? odoo.addons.base.models.ir_actions_report: You need Wkhtmltopdf to print a pdf version of the reports. 
2025-11-27 10:12:12,305 39112 INFO ? odoo.addons.base.models.ir_actions_report: You need Wkhtmltoimage to generate images from html. 
2025-11-27 10:12:12,479 39112 WARNING ? odoo.service.server: 'inotify' module not installed. Code autoreload feature is disabled 
2025-11-27 10:12:12,480 39112 INFO ? odoo.service.server: HTTP service (werkzeug) running on D33P4R7M3N7.localdomain:8069 
2025-11-27 10:12:12,527 39112 ERROR odoo18 odoo.modules.loading: Database odoo18 not initialized, you can force it with `-i base` 
2025-11-27 10:12:12,527 39112 INFO odoo18 odoo.modules.registry: Registry loaded in 0.047s 
2025-11-27 10:12:26,084 39112 ERROR odoo18 odoo.http: Exception during request handling. 
Traceback (most recent call last):
  File "/home/deepartment/projects/odoo/odoo/http.py", line 2576, in __call__
    response = request._serve_db()
               ^^^^^^^^^^^^^^^^^^^
  File "/home/deepartment/projects/odoo/odoo/http.py", line 2084, in _serve_db
    rule, args = self.registry['ir.http']._match(self.httprequest.path)
                 ~~~~~~~~~~~~~^^^^^^^^^^^
  File "/home/deepartment/projects/odoo/odoo/modules/registry.py", line 244, in __getitem__
    return self.models[model_name]
           ~~~~~~~~~~~^^^^^^^^^^^^
KeyError: 'ir.http'
2025-11-27 10:12:26,087 39112 INFO odoo18 werkzeug: 127.0.0.1 - - [27/Nov/2025 10:12:26] "GET /odoo/apps HTTP/1.1" 500 - 1 0.001 0.005
2025-11-27 10:12:27,064 39112 ERROR odoo18 odoo.http: Exception during request handling. 
Traceback (most recent call last):
  File "/home/deepartment/projects/odoo/odoo/http.py", line 2576, in __call__
    response = request._serve_db()
               ^^^^^^^^^^^^^^^^^^^
  File "/home/deepartment/projects/odoo/odoo/http.py", line 2084, in _serve_db
    rule, args = self.registry['ir.http']._match(self.httprequest.path)
                 ~~~~~~~~~~~~~^^^^^^^^^^^
  File "/home/deepartment/projects/odoo/odoo/modules/registry.py", line 244, in __getitem__
    return self.models[model_name]
           ~~~~~~~~~~~^^^^^^^^^^^^
KeyError: 'ir.http'
2025-11-27 10:12:27,065 39112 INFO odoo18 werkzeug: 127.0.0.1 - - [27/Nov/2025 10:12:27] "GET /web/service-worker.js HTTP/1.1" 500 - 1 0.001 0.005
2025-11-27 10:13:15,566 39112 ERROR odoo18 odoo.sql_db: bad query: b"\n            SELECT latest_version\n            FROM ir_module_module\n             WHERE name='base'\n        "
ERROR: relation "ir_module_module" does not exist
LINE 3:             FROM ir_module_module
                         ^
 
2025-11-27 10:13:15,567 39112 WARNING odoo18 odoo.addons.base.models.ir_cron: Tried to poll an undefined table on database odoo18. 
2025-11-27 10:13:16,581 39112 ERROR odoo18 odoo.sql_db: bad query: b"\n            SELECT latest_version\n            FROM ir_module_module\n             WHERE name='base'\n        "
ERROR: relation "ir_module_module" does not exist
LINE 3:             FROM ir_module_module
                         ^
 
2025-11-27 10:13:16,582 39112 WARNING odoo18 odoo.addons.base.models.ir_cron: Tried to poll an undefined table on database odoo18. 
2025-11-27 10:14:21,489 39112 ERROR odoo18 odoo.sql_db: bad query: b"\n            SELECT latest_version\n            FROM ir_module_module\n             WHERE name='base'\n        "
ERROR: relation "ir_module_module" does not exist
LINE 3:             FROM ir_module_module
                         ^
 
2025-11-27 10:14:21,490 39112 WARNING odoo18 odoo.addons.base.models.ir_cron: Tried to poll an undefined table on database odoo18. 
2025-11-27 10:14:23,549 39112 ERROR odoo18 odoo.sql_db: bad query: b"\n            SELECT latest_version\n            FROM ir_module_module\n             WHERE name='base'\n        "
ERROR: relation "ir_module_module" does not exist
LINE 3:             FROM ir_module_module
                         ^
 
2025-11-27 10:14:23,550 39112 WARNING odoo18 odoo.addons.base.models.ir_cron: Tried to poll an undefined table on database odoo18. 
2025-11-27 10:15:27,462 39112 ERROR odoo18 odoo.sql_db: bad query: b"\n            SELECT latest_version\n            FROM ir_module_module\n             WHERE name='base'\n        "
ERROR: relation "ir_module_module" does not exist
LINE 3:             FROM ir_module_module
                         ^
 
2025-11-27 10:15:27,463 39112 WARNING odoo18 odoo.addons.base.models.ir_cron: Tried to poll an undefined table on database odoo18. 
2025-11-27 10:15:30,516 39112 ERROR odoo18 odoo.sql_db: bad query: b"\n            SELECT latest_version\n            FROM ir_module_module\n             WHERE name='base'\n        "
ERROR: relation "ir_module_module" does not exist
LINE 3:             FROM ir_module_module
                         ^
 
2025-11-27 10:15:30,516 39112 WARNING odoo18 odoo.addons.base.models.ir_cron: Tried to poll an undefined table on database odoo18. 
2025-11-27 10:16:33,371 39112 ERROR odoo18 odoo.sql_db: bad query: b"\n            SELECT latest_version\n            FROM ir_module_module\n             WHERE name='base'\n        "
ERROR: relation "ir_module_module" does not exist
LINE 3:             FROM ir_module_module
                         ^
 
2025-11-27 10:16:33,372 39112 WARNING odoo18 odoo.addons.base.models.ir_cron: Tried to poll an undefined table on database odoo18. 
2025-11-27 10:16:37,457 39112 ERROR odoo18 odoo.sql_db: bad query: b"\n            SELECT latest_version\n            FROM ir_module_module\n             WHERE name='base'\n        "
ERROR: relation "ir_module_module" does not exist
LINE 3:             FROM ir_module_module
                         ^
 
2025-11-27 10:16:37,458 39112 WARNING odoo18 odoo.addons.base.models.ir_cron: Tried to poll an undefined table on database odoo18. 
2025-11-27 10:17:39,326 39112 ERROR odoo18 odoo.sql_db: bad query: b"\n            SELECT latest_version\n            FROM ir_module_module\n             WHERE name='base'\n        "
ERROR: relation "ir_module_module" does not exist
LINE 3:             FROM ir_module_module
                         ^
 
2025-11-27 10:17:39,327 39112 WARNING odoo18 odoo.addons.base.models.ir_cron: Tried to poll an undefined table on database odoo18. 
2025-11-27 10:17:44,392 39112 ERROR odoo18 odoo.sql_db: bad query: b"\n            SELECT latest_version\n            FROM ir_module_module\n             WHERE name='base'\n        "
ERROR: relation "ir_module_module" does not exist
LINE 3:             FROM ir_module_module
                         ^
 
2025-11-27 10:17:44,393 39112 WARNING odoo18 odoo.addons.base.models.ir_cron: Tried to poll an undefined table on database odoo18. 
2025-11-27 10:20:26,974 40385 INFO ? odoo: Odoo version 18.0 
2025-11-27 10:20:26,974 40385 INFO ? odoo: Using configuration file at /home/deepartment/projects/odoo/odoo.conf 
2025-11-27 10:20:26,975 40385 INFO ? odoo: addons paths: ['/home/deepartment/projects/odoo/odoo/addons', '/home/deepartment/.local/share/Odoo/addons/18.0', '/home/deepartment/projects/odoo/addons'] 
2025-11-27 10:20:26,975 40385 INFO ? odoo: database: odoo18_user@localhost:5432 
2025-11-27 10:20:27,136 40385 INFO ? odoo.addons.base.models.ir_actions_report: You need Wkhtmltopdf to print a pdf version of the reports. 
2025-11-27 10:20:27,174 40385 INFO ? odoo.addons.base.models.ir_actions_report: You need Wkhtmltoimage to generate images from html. 
2025-11-27 10:20:27,364 40385 WARNING ? odoo.service.server: 'inotify' module not installed. Code autoreload feature is disabled 
2025-11-27 10:20:27,365 40385 INFO ? odoo.service.server: HTTP service (werkzeug) running on D33P4R7M3N7.localdomain:8069 
2025-11-27 10:20:27,389 40385 ERROR odoo18 odoo.modules.loading: Database odoo18 not initialized, you can force it with `-i base` 
2025-11-27 10:20:27,389 40385 INFO odoo18 odoo.modules.registry: Registry loaded in 0.024s 
2025-11-27 11:00:24,300 46481 INFO ? odoo: Odoo version 18.0 
2025-11-27 11:00:24,302 46481 INFO ? odoo: Using configuration file at /home/deepartment/projects/odoo/odoo.conf 
2025-11-27 11:00:24,302 46481 INFO ? odoo: addons paths: ['/home/deepartment/projects/odoo/odoo/addons', '/home/deepartment/.local/share/Odoo/addons/18.0', '/home/deepartment/projects/odoo/addons'] 
2025-11-27 11:00:24,303 46481 INFO ? odoo: database: odoo18_user@localhost:5432 
2025-11-27 11:00:24,451 46481 INFO ? odoo.addons.base.models.ir_actions_report: You need Wkhtmltopdf to print a pdf version of the reports. 
2025-11-27 11:00:24,482 46481 INFO ? odoo.addons.base.models.ir_actions_report: You need Wkhtmltoimage to generate images from html. 
2025-11-27 11:00:24,660 46481 WARNING ? odoo.service.server: 'inotify' module not installed. Code autoreload feature is disabled 
2025-11-27 11:00:32,966 46512 INFO ? odoo: Odoo version 18.0 
2025-11-27 11:00:32,967 46512 INFO ? odoo: Using configuration file at /home/deepartment/projects/odoo/odoo.conf 
2025-11-27 11:00:32,967 46512 INFO ? odoo: addons paths: ['/home/deepartment/projects/odoo/odoo/addons', '/home/deepartment/.local/share/Odoo/addons/18.0', '/home/deepartment/projects/odoo/addons'] 
2025-11-27 11:00:32,967 46512 INFO ? odoo: database: odoo18_user@localhost:5432 
2025-11-27 11:00:33,123 46512 INFO ? odoo.addons.base.models.ir_actions_report: You need Wkhtmltopdf to print a pdf version of the reports. 
2025-11-27 11:00:33,157 46512 INFO ? odoo.addons.base.models.ir_actions_report: You need Wkhtmltoimage to generate images from html. 
2025-11-27 11:00:33,362 46512 WARNING ? odoo.service.server: 'inotify' module not installed. Code autoreload feature is disabled 
2025-11-27 11:00:33,362 46512 INFO ? odoo.service.server: HTTP service (werkzeug) running on D33P4R7M3N7.localdomain:8069 
2025-11-27 11:00:33,393 46512 ERROR odoo18 odoo.modules.loading: Database odoo18 not initialized, you can force it with `-i base` 
2025-11-27 11:00:33,394 46512 INFO odoo18 odoo.modules.registry: Registry loaded in 0.031s 
2025-11-27 11:00:54,204 46512 ERROR odoo18 odoo.http: Exception during request handling. 
Traceback (most recent call last):
  File "/home/deepartment/projects/odoo/odoo/http.py", line 2576, in __call__
    response = request._serve_db()
               ^^^^^^^^^^^^^^^^^^^
  File "/home/deepartment/projects/odoo/odoo/http.py", line 2084, in _serve_db
    rule, args = self.registry['ir.http']._match(self.httprequest.path)
                 ~~~~~~~~~~~~~^^^^^^^^^^^
  File "/home/deepartment/projects/odoo/odoo/modules/registry.py", line 244, in __getitem__
    return self.models[model_name]
           ~~~~~~~~~~~^^^^^^^^^^^^
KeyError: 'ir.http'
2025-11-27 11:00:54,210 46512 INFO odoo18 werkzeug: 127.0.0.1 - - [27/Nov/2025 11:00:54] "GET /odoo/apps HTTP/1.1" 500 - 1 0.001 0.011
2025-11-27 11:00:55,164 46512 ERROR odoo18 odoo.http: Exception during request handling. 
Traceback (most recent call last):
  File "/home/deepartment/projects/odoo/odoo/http.py", line 2576, in __call__
    response = request._serve_db()
               ^^^^^^^^^^^^^^^^^^^
  File "/home/deepartment/projects/odoo/odoo/http.py", line 2084, in _serve_db
    rule, args = self.registry['ir.http']._match(self.httprequest.path)
                 ~~~~~~~~~~~~~^^^^^^^^^^^
  File "/home/deepartment/projects/odoo/odoo/modules/registry.py", line 244, in __getitem__
    return self.models[model_name]
           ~~~~~~~~~~~^^^^^^^^^^^^
KeyError: 'ir.http'
2025-11-27 11:00:55,166 46512 INFO odoo18 werkzeug: 127.0.0.1 - - [27/Nov/2025 11:00:55] "GET /web/service-worker.js HTTP/1.1" 500 - 1 0.001 0.004
2025-11-27 11:01:06,355 46512 INFO odoo18 odoo.service.server: Initiating shutdown 
2025-11-27 11:01:06,355 46512 INFO odoo18 odoo.service.server: Hit CTRL-C again or send a second signal to force the shutdown. 
2025-11-27 11:01:06,691 46512 INFO odoo18 odoo.sql_db: ConnectionPool(read/write;used=0/count=0/max=64): Closed 3 connections  
2025-11-27 11:01:49,209 46731 INFO ? odoo: Odoo version 18.0 
2025-11-27 11:01:49,209 46731 INFO ? odoo: Using configuration file at /home/deepartment/projects/odoo/odoo.conf 
2025-11-27 11:01:49,210 46731 INFO ? odoo: addons paths: ['/home/deepartment/projects/odoo/odoo/addons', '/home/deepartment/.local/share/Odoo/addons/18.0', '/home/deepartment/projects/odoo/addons'] 
2025-11-27 11:01:49,210 46731 INFO ? odoo: database: odoo18_user@localhost:5432 
2025-11-27 11:01:49,369 46731 INFO ? odoo.addons.base.models.ir_actions_report: You need Wkhtmltopdf to print a pdf version of the reports. 
2025-11-27 11:01:49,403 46731 INFO ? odoo.addons.base.models.ir_actions_report: You need Wkhtmltoimage to generate images from html. 
2025-11-27 11:01:49,584 46731 WARNING ? odoo.service.server: 'inotify' module not installed. Code autoreload feature is disabled 
2025-11-27 11:01:49,584 46731 INFO ? odoo.service.server: HTTP service (werkzeug) running on D33P4R7M3N7.localdomain:8069 
2025-11-27 11:01:49,610 46731 ERROR odoo18 odoo.modules.loading: Database odoo18 not initialized, you can force it with `-i base` 
2025-11-27 11:01:49,610 46731 INFO odoo18 odoo.modules.registry: Registry loaded in 0.025s 
2025-11-27 11:01:56,836 46731 ERROR odoo18 odoo.http: Exception during request handling. 
Traceback (most recent call last):
  File "/home/deepartment/projects/odoo/odoo/http.py", line 2576, in __call__
    response = request._serve_db()
               ^^^^^^^^^^^^^^^^^^^
  File "/home/deepartment/projects/odoo/odoo/http.py", line 2084, in _serve_db
    rule, args = self.registry['ir.http']._match(self.httprequest.path)
                 ~~~~~~~~~~~~~^^^^^^^^^^^
  File "/home/deepartment/projects/odoo/odoo/modules/registry.py", line 244, in __getitem__
    return self.models[model_name]
           ~~~~~~~~~~~^^^^^^^^^^^^
KeyError: 'ir.http'
2025-11-27 11:01:56,844 46731 INFO odoo18 werkzeug: 127.0.0.1 - - [27/Nov/2025 11:01:56] "GET / HTTP/1.1" 500 - 1 0.001 0.011
2025-11-27 11:02:00,324 46731 INFO odoo18 odoo.service.server: Initiating shutdown 
2025-11-27 11:02:00,324 46731 INFO odoo18 odoo.service.server: Hit CTRL-C again or send a second signal to force the shutdown. 
2025-11-27 11:03:43,199 47088 INFO ? odoo: Odoo version 18.0 
2025-11-27 11:03:43,199 47088 INFO ? odoo: Using configuration file at /home/deepartment/projects/odoo/odoo.conf 
2025-11-27 11:03:43,199 47088 INFO ? odoo: addons paths: ['/home/deepartment/projects/odoo/odoo/addons', '/home/deepartment/.local/share/Odoo/addons/18.0', '/home/deepartment/projects/odoo/addons'] 
2025-11-27 11:03:43,199 47088 INFO ? odoo: database: odoo18_user@localhost:5432 
2025-11-27 11:03:43,361 47088 INFO ? odoo.addons.base.models.ir_actions_report: You need Wkhtmltopdf to print a pdf version of the reports. 
2025-11-27 11:03:43,397 47088 INFO ? odoo.addons.base.models.ir_actions_report: You need Wkhtmltoimage to generate images from html. 
2025-11-27 11:03:43,583 47088 WARNING ? odoo.service.server: 'inotify' module not installed. Code autoreload feature is disabled 
2025-11-27 11:03:43,583 47088 INFO ? odoo.service.server: HTTP service (werkzeug) running on D33P4R7M3N7.localdomain:8069 
2025-11-27 11:03:43,615 47088 ERROR odoo18 odoo.modules.loading: Database odoo18 not initialized, you can force it with `-i base` 
2025-11-27 11:03:43,615 47088 INFO odoo18 odoo.modules.registry: Registry loaded in 0.031s 
2025-11-27 11:04:46,644 47088 ERROR odoo18 odoo.sql_db: bad query: b"\n            SELECT latest_version\n            FROM ir_module_module\n             WHERE name='base'\n        "
ERROR: relation "ir_module_module" does not exist
LINE 3:             FROM ir_module_module
                         ^
 
2025-11-27 11:04:46,645 47088 WARNING odoo18 odoo.addons.base.models.ir_cron: Tried to poll an undefined table on database odoo18. 
2025-11-27 11:04:47,681 47088 ERROR odoo18 odoo.sql_db: bad query: b"\n            SELECT latest_version\n            FROM ir_module_module\n             WHERE name='base'\n        "
ERROR: relation "ir_module_module" does not exist
LINE 3:             FROM ir_module_module
                         ^
 
2025-11-27 11:04:47,682 47088 WARNING odoo18 odoo.addons.base.models.ir_cron: Tried to poll an undefined table on database odoo18. 
2025-11-27 11:05:48,744 47088 ERROR odoo18 odoo.http: Exception during request handling. 
Traceback (most recent call last):
  File "/home/deepartment/projects/odoo/odoo/http.py", line 2576, in __call__
    response = request._serve_db()
               ^^^^^^^^^^^^^^^^^^^
  File "/home/deepartment/projects/odoo/odoo/http.py", line 2084, in _serve_db
    rule, args = self.registry['ir.http']._match(self.httprequest.path)
                 ~~~~~~~~~~~~~^^^^^^^^^^^
  File "/home/deepartment/projects/odoo/odoo/modules/registry.py", line 244, in __getitem__
    return self.models[model_name]
           ~~~~~~~~~~~^^^^^^^^^^^^
KeyError: 'ir.http'
2025-11-27 11:05:48,752 47088 INFO odoo18 werkzeug: 127.0.0.1 - - [27/Nov/2025 11:05:48] "GET / HTTP/1.1" 500 - 1 0.001 0.023
2025-11-27 11:05:50,593 47088 ERROR odoo18 odoo.http: Exception during request handling. 
Traceback (most recent call last):
  File "/home/deepartment/projects/odoo/odoo/http.py", line 2576, in __call__
    response = request._serve_db()
               ^^^^^^^^^^^^^^^^^^^
  File "/home/deepartment/projects/odoo/odoo/http.py", line 2084, in _serve_db
    rule, args = self.registry['ir.http']._match(self.httprequest.path)
                 ~~~~~~~~~~~~~^^^^^^^^^^^
  File "/home/deepartment/projects/odoo/odoo/modules/registry.py", line 244, in __getitem__
    return self.models[model_name]
           ~~~~~~~~~~~^^^^^^^^^^^^
KeyError: 'ir.http'
2025-11-27 11:05:50,594 47088 INFO odoo18 werkzeug: 127.0.0.1 - - [27/Nov/2025 11:05:50] "GET / HTTP/1.1" 500 - 1 0.002 0.005
2025-11-27 11:05:52,595 47088 ERROR odoo18 odoo.sql_db: bad query: b"\n            SELECT latest_version\n            FROM ir_module_module\n             WHERE name='base'\n        "
ERROR: relation "ir_module_module" does not exist
LINE 3:             FROM ir_module_module
                         ^
 
2025-11-27 11:05:52,597 47088 WARNING odoo18 odoo.addons.base.models.ir_cron: Tried to poll an undefined table on database odoo18. 
